"","B cell","Macrophage M1","Macrophage M2","Monocyte","Neutrophil","NK cell","T cell CD4+ (non-regulatory)","T cell CD8+","T cell regulatory (Tregs)","Myeloid dendritic cell","uncharacterized cell"
"mel354","0.021377109","0.002039307","0.000000000","0.126842978","0.000000000","0.024156852","0.018631517","0.000000000","0.021743201","0.001024580","0.784184456"
"mel432","0.01854551","0.04301297","0.01708342","0.00000000","0.34120435","0.02114127","0.00000000","0.07291529","0.02202805","0.00000000","0.46406914"
"mel243","0.04764616","0.02098516","0.02779047","0.10392009","0.03470929","0.03566394","0.00000000","0.03014791","0.03834929","0.00000000","0.66078768"
"mel321","0.00000000","0.00000000","0.00000000","0.39870751","0.00000000","0.08213020","0.04574900","0.00000000","0.01078229","0.00000000","0.46263099"
"mel218","0.009007047","0.000000000","0.000000000","0.204656682","0.280710458","0.070286909","0.057300099","0.000000000","0.013171249","0.000000000","0.364867556"
"mel302","0.01808958","0.03284341","0.04010179","0.21159153","0.02717008","0.02950473","0.03686692","0.14733228","0.02993657","0.00000000","0.42656311"
"mel383","0.011320168","0.000000000","0.000000000","0.417267219","0.000000000","0.051125800","0.026084474","0.004505305","0.004214985","0.000000000","0.485482049"
"mel428","0.000000000","0.000000000","0.000000000","0.362499654","0.000000000","0.073760463","0.133113095","0.001726796","0.018790563","0.000000000","0.410109429"
"mel375","0.004665177","0.078544960","0.000000000","0.487004461","0.000000000","0.089595345","0.000000000","0.000000000","0.029655567","0.000000000","0.310534491"
"mel227","0.01063947","0.01285310","0.00000000","0.19557828","0.00000000","0.02411294","0.02346879","0.00000000","0.02566791","0.00000000","0.70767950"
"mel271","0.000000e+00","0.000000e+00","0.000000e+00","9.147617e-01","0.000000e+00","8.523825e-02","0.000000e+00","0.000000e+00","0.000000e+00","0.000000e+00","2.220446e-16"
"mel260","0.01770354","0.00000000","0.00000000","0.66013175","0.00000000","0.10074968","0.00000000","0.00000000","0.01845898","0.00000000","0.20295605"
"mel165","0.02431985","0.02860297","0.00000000","0.21432271","0.03564642","0.03865661","0.13210460","0.01137043","0.02225797","0.00000000","0.49271845"
"mel092","0.012329106","0.000000000","0.000000000","0.415426835","0.000000000","0.073897642","0.008656224","0.000000000","0.008751029","0.000000000","0.480939164"
"mel265","0.03431516","0.01979700","0.00000000","0.44164352","0.00000000","0.07025110","0.00000000","0.03732280","0.04738171","0.00000000","0.34928872"
"mel142","0.01132741","0.05358198","0.00000000","0.33277851","0.00000000","0.05867532","0.02895804","0.00000000","0.00000000","0.00000000","0.51467874"
"mel004","0.004027030","0.019888350","0.141051944","0.107182092","0.000000000","0.019572334","0.059142638","0.009112666","0.017764403","0.060227033","0.562031509"
"mel342","0.019848787","0.004363491","0.000000000","0.231169053","0.050218912","0.026977845","0.080771179","0.000000000","0.014044007","0.000000000","0.572606726"
"mel245","0.007397102","0.000000000","0.000000000","0.439103502","0.000000000","0.072090802","0.000000000","0.000000000","0.009722410","0.000000000","0.471686184"
"mel270","0.0322320896","0.0000000000","0.0000000000","0.1377723901","0.0000000000","0.0318405839","0.0633625547","0.0008147119","0.0084080434","0.0784453055","0.6471243210"
"mel281","0.0898812481","0.0777820838","0.0008860914","0.2889056266","0.0000000000","0.0398597986","0.0000000000","0.1583307997","0.0862478882","0.0000000000","0.2581064635"
"mel374","0.018169449","0.000000000","0.000000000","0.380302242","0.000000000","0.060558129","0.000000000","0.000000000","0.004479773","0.000000000","0.536490407"
"mel370","0.03990939","0.00000000","0.00000000","0.30377914","0.00000000","0.04974209","0.01533723","0.01091163","0.03258505","0.00000000","0.54773547"
"mel363","0.029913554","0.019180766","0.007694489","0.036934721","0.268070319","0.004816665","0.156348135","0.050451580","0.020123686","0.015249673","0.391216411"
"mel080","0.04198246","0.00000000","0.00000000","0.30186216","0.00000000","0.04246461","0.15784068","0.00000000","0.01941937","0.00000000","0.43643072"
"mel348","0.009864657","0.013575928","0.000000000","0.493901693","0.000000000","0.062206335","0.000000000","0.099928067","0.036202859","0.000000000","0.284320461"
"mel018","0.028913635","0.000000000","0.174048220","0.000000000","0.000000000","0.050327123","0.000000000","0.009249318","0.000000000","0.054034875","0.683426829"
"mel136","0.02636643","0.00000000","0.00000000","0.85323204","0.00000000","0.09297667","0.00000000","0.00000000","0.00000000","0.00000000","0.02742486"
"mel054","0.04540589","0.00000000","0.01369107","0.16410702","0.00000000","0.04292010","0.07686929","0.03087275","0.04026505","0.03080020","0.55506863"
"mel194","0.01347917","0.00000000","0.00000000","0.70086808","0.00000000","0.13505778","0.00000000","0.00000000","0.01561912","0.00000000","0.13497585"
"mel444","0.01324690","0.24006747","0.00000000","0.00000000","0.00000000","0.05948602","0.00000000","0.00000000","0.05727539","0.00000000","0.62992421"
"mel117","0.04216670","0.08506756","0.01122413","0.30812882","0.00000000","0.03402010","0.00000000","0.21673544","0.06106645","0.00000000","0.24159079"
"mel015","0.03576054","0.02008489","0.00000000","0.59721811","0.00000000","0.11842158","0.00000000","0.00000000","0.05935817","0.00000000","0.16915670"
"mel131","0.014533736","0.011397360","0.021702346","0.204694634","0.028247351","0.046430940","0.006626483","0.034273869","0.029282312","0.037536895","0.565274074"
"mel206","0.016017425","0.009082533","0.009953128","0.000000000","0.381732235","0.005680867","0.065285748","0.003951681","0.009744479","0.003420505","0.495131399"
"mel147","0.035044642","0.095528106","0.019221610","0.132788819","0.000000000","0.008087169","0.000000000","0.256596914","0.031951834","0.000000000","0.420780907"
"mel425","0.002967779","0.086059439","0.009469089","0.093680338","0.000000000","0.032399378","0.000000000","0.070941215","0.014446469","0.090030111","0.600006181"
"mel341","0.029011218","0.036671573","0.002508336","0.345934079","0.000000000","0.065400401","0.081646630","0.041741384","0.042701751","0.000000000","0.354384628"
"mel112","0.019802667","0.047406374","0.019438193","0.000000000","0.213631181","0.008711192","0.000000000","0.077749527","0.031067189","0.001220082","0.580973597"
"mel226","0.12173199","0.09673407","0.01396070","0.14549776","0.00000000","0.01846166","0.03542116","0.39481088","0.07906838","0.00000000","0.09431340"
"mel399","0.015411640","0.000000000","0.000000000","0.716024074","0.000000000","0.167242601","0.000000000","0.005058576","0.042277107","0.000000000","0.053986002"
"mel189","0.213713082","0.031039779","0.006569711","0.125095563","0.000000000","0.025578545","0.048690604","0.057207539","0.098534177","0.026449925","0.367121076"
"mel212","0.001266398","0.225771402","0.000000000","0.286721063","0.000000000","0.039624553","0.000000000","0.049258905","0.067131273","0.000000000","0.330226407"
"mel060","0.093084989","0.005730014","0.002090909","0.156279914","0.000000000","0.010027298","0.231009681","0.011791310","0.058271131","0.000000000","0.431714755"
"mel280","0.02099153","0.00000000","0.00000000","0.47353502","0.00000000","0.11066944","0.00000000","0.00000000","0.01758161","0.00000000","0.37722240"
"mel012","0.07196165","0.00000000","0.00000000","0.40713475","0.00000000","0.08675468","0.00000000","0.04190994","0.06023892","0.00000000","0.33200007"
"mel025","0.011802582","0.025451457","0.001913392","0.100566880","0.114979072","0.027033724","0.000000000","0.000000000","0.011341219","0.000000000","0.706911673"
"mel338","0.02885747","0.03554537","0.00000000","0.31444626","0.04371796","0.03375828","0.00000000","0.36005752","0.04003453","0.00000000","0.14358261"
"mel228","0.02382286","0.00000000","0.01549985","0.29862478","0.00000000","0.07419462","0.00000000","0.00000000","0.00000000","0.00000000","0.58785789"
"mel304","0.033965327","0.012700840","0.007864895","0.194805881","0.000000000","0.050524863","0.000000000","0.055642029","0.025364472","0.129876008","0.489255686"
"mel344","1.194091e-01","6.305639e-02","0.000000e+00","6.228814e-02","8.547960e-02","9.065531e-03","5.112177e-01","7.374460e-02","7.573902e-02","0.000000e+00","2.304533e-16"
"mel225","0.05375777","0.03229075","0.01241509","0.21690000","0.00000000","0.05194460","0.00000000","0.04809833","0.03038150","0.00000000","0.55421195"
"mel140","0.02894855","0.05987912","0.03513647","0.01899015","0.06258421","0.01514431","0.12331170","0.05784658","0.02555824","0.02996184","0.54263883"
"mel118","0.01104571","0.00000000","0.00000000","0.46147262","0.00000000","0.10241702","0.00000000","0.00000000","0.03406810","0.00000000","0.39099655"
"mel328","0.02724824","0.01997782","0.00000000","0.45170653","0.00000000","0.06349648","0.00000000","0.03182394","0.06346504","0.00000000","0.34228195"
"mel466","0.004224361","0.106988203","0.007107649","0.186301227","0.000000000","0.000000000","0.000000000","0.664560787","0.030817773","0.000000000","0.000000000"
"mel020","0.03471463","0.00000000","0.10810627","0.13896891","0.00000000","0.03868441","0.00000000","0.00000000","0.01040448","0.05931317","0.60980813"
"mel364","0.05203117","0.03734762","0.00000000","0.34857754","0.00000000","0.06036966","0.00000000","0.08609884","0.02878242","0.00000000","0.38679276"
"mel056","0.088846465","0.008217936","0.023405085","0.222478904","0.000000000","0.030628809","0.039243962","0.029414648","0.075189192","0.000000000","0.482574999"
"mel034","0.01459647","0.00000000","0.00000000","0.00000000","0.28370895","0.02373662","0.03349630","0.00000000","0.00717813","0.02870146","0.60858206"
"mel238","0.02794460","0.00000000","0.00000000","0.36080766","0.00000000","0.09325231","0.00000000","0.00000000","0.02425605","0.00000000","0.49373938"
"mel294","0.05106822","0.05046365","0.00000000","0.18476321","0.13535346","0.05106788","0.00000000","0.11540985","0.04362906","0.00000000","0.36824468"
"mel451","0.027742346","0.041354230","0.000000000","0.236274896","0.000000000","0.037474270","0.068281815","0.006793279","0.017552879","0.000000000","0.564526285"
"mel287","0.009450215","0.000000000","0.000000000","0.585862228","0.000000000","0.082315007","0.000000000","0.000000000","0.003339611","0.000000000","0.319032939"
"mel343","0.008349309","0.146298101","0.000000000","0.270212685","0.000000000","0.033118952","0.000000000","0.542020953","0.000000000","0.000000000","0.000000000"
"mel320","0.03095499","0.00000000","0.00000000","0.58802905","0.00000000","0.11609629","0.00000000","0.01667628","0.02757747","0.00000000","0.22066592"
"mel395","0.51368077","0.03076795","0.01565774","0.00000000","0.14595678","0.02171814","0.11310487","0.02878369","0.07930776","0.05102230","0.00000000"
"mel378","0.04910332","0.08221891","0.00000000","0.27624025","0.00000000","0.05841186","0.00000000","0.15991607","0.06314421","0.00000000","0.31096539"
"mel252","0.035810541","0.007225520","0.031279147","0.090625765","0.000000000","0.032824469","0.023419244","0.019325329","0.013055838","0.003030098","0.743404050"
"mel336","0.019593805","0.095779245","0.005978101","0.223245923","0.000000000","0.039198594","0.000000000","0.009521412","0.034936603","0.000000000","0.571746318"
"mel301","0.0634247028","0.0002528383","0.0144012805","0.0000000000","0.0157780321","0.0534382491","0.0166679818","0.0000000000","0.0239971129","0.0812582385","0.7307815640"
"mel457","0.028310561","0.021958786","0.000000000","0.108539365","0.143041714","0.028197149","0.018711086","0.007379238","0.020929067","0.000000000","0.622933034"
"mel093","0.012483386","0.000000000","0.005151066","0.097898109","0.255071668","0.029476578","0.037833685","0.000000000","0.007831080","0.000000000","0.554254429"
"mel254","0.01210457","0.01356702","0.00000000","0.50079317","0.00000000","0.09209769","0.00000000","0.03372235","0.03460429","0.00000000","0.31311090"
"mel074","0.02235936","0.01733819","0.01629770","0.29966926","0.00000000","0.04976302","0.00000000","0.02269874","0.02852872","0.00000000","0.54334501"
"mel065","0.09073988","0.07906334","0.00000000","0.33075141","0.00000000","0.05404453","0.00000000","0.02232014","0.05920626","0.00000000","0.36387444"
"mel029","0.03947962","0.02191271","0.00000000","0.40404709","0.00000000","0.06727228","0.00000000","0.04629094","0.02873351","0.00000000","0.39226384"
"mel069","0.0225332192","0.0000000000","0.0273715893","0.1587525079","0.0000000000","0.0413498491","0.0380865487","0.0004136269","0.0009147175","0.0000000000","0.7105779413"
"mel411","0.01766727","0.00000000","0.00000000","0.63680484","0.00000000","0.13489613","0.00000000","0.03994514","0.04627138","0.00000000","0.12441523"
"mel277","0.05993550","0.01740482","0.02052250","0.12069918","0.01851936","0.03343788","0.00000000","0.09070004","0.06376288","0.00000000","0.57501784"
"mel300","0.037392942","0.058410220","0.003113184","0.113896560","0.109462103","0.026432088","0.000000000","0.002090003","0.019072506","0.000000000","0.630130394"
"mel376","0.118224642","0.042611876","0.004801802","0.148141862","0.111255468","0.032135233","0.005638594","0.096389790","0.095627478","0.000000000","0.345173256"
"mel005","0.0347767600","0.0000000000","0.0000000000","0.5880899382","0.0000000000","0.1324000726","0.0000000000","0.0001119316","0.1422122424","0.0000000000","0.1024090551"
"mel107","0.016325036","0.030124260","0.009831397","0.125093144","0.042176475","0.028848811","0.101087497","0.000000000","0.024206394","0.000000000","0.622306987"
"mel283","0.01721366","0.06431701","0.00000000","0.28543344","0.03488172","0.05532542","0.00000000","0.22755924","0.03183062","0.00000000","0.28343889"
"mel417","0.007522482","0.000000000","0.006977033","0.181265878","0.084094946","0.041021295","0.000000000","0.000000000","0.008353542","0.000000000","0.670764824"
"mel297","0.06638915","0.00000000","0.00000000","0.17861064","0.00000000","0.01856469","0.23921775","0.00000000","0.02252998","0.00000000","0.47468779"
"mel326","0.030091191","0.027566226","0.008664489","0.163893107","0.000000000","0.024099107","0.002639820","0.028069440","0.065219153","0.036991421","0.612766046"
"mel040","0.021793529","0.000000000","0.000000000","0.379945481","0.000000000","0.066977778","0.100316056","0.001041762","0.016010103","0.000000000","0.413915291"
"mel382","0.035002755","0.074627543","0.000000000","0.109988842","0.014897733","0.067377481","0.014765936","0.005367597","0.052134867","0.023601449","0.602235799"
"mel275","0.005111031","0.000000000","0.028011697","0.031857316","0.159118368","0.013186357","0.045877998","0.000000000","0.010748527","0.003261032","0.702827674"
"mel396","0.04024759","0.00000000","0.00000000","0.49999563","0.00000000","0.06536372","0.00000000","0.06385368","0.01484782","0.00000000","0.31569157"
"mel325","0.017274164","0.025943645","0.017816103","0.000000000","0.294882074","0.004854156","0.013545122","0.041679577","0.013993565","0.036678744","0.533332849"
"mel409","0.07313195","0.01422439","0.00000000","0.29165592","0.00000000","0.02709140","0.03304818","0.01912946","0.03949698","0.00000000","0.50222172"
"mel103","0.035311835","0.002008742","0.000000000","0.360733549","0.000000000","0.065744090","0.000000000","0.013836821","0.032697223","0.000000000","0.489667740"
"mel208","0.02473458","0.00000000","0.00000000","0.43789441","0.00000000","0.08380945","0.00000000","0.00000000","0.02077158","0.00000000","0.43278998"
"mel273","0.032063188","0.004370407","0.000000000","0.184516125","0.000000000","0.044064007","0.001521989","0.003410382","0.018072592","0.010892942","0.701088368"
"mel163","3.573954e-02","7.362931e-05","0.000000e+00","2.132065e-01","0.000000e+00","4.674939e-02","0.000000e+00","0.000000e+00","2.636549e-02","2.810675e-02","6.497587e-01"
"mel039","0.015025248","0.137797440","0.000000000","0.230325646","0.000000000","0.008725828","0.000000000","0.370305877","0.042583096","0.000000000","0.195236866"
"mel210","0.04427185","0.00000000","0.00000000","0.29180344","0.00000000","0.05229998","0.11125685","0.00000000","0.01547080","0.00000000","0.48489708"
"mel171","0.0527448192","0.1182055519","0.0195986406","0.1259500729","0.0189069465","0.0264561403","0.0904230276","0.0003929792","0.0213783749","0.0000000000","0.5259434469"
"mel175","0.016010588","0.000000000","0.019803601","0.000000000","0.286142023","0.008672200","0.066513274","0.000000000","0.020391949","0.007355043","0.575111323"
"mel319","0.03748244","0.06324489","0.00000000","0.28527856","0.00000000","0.03952118","0.00000000","0.08604197","0.02829879","0.00000000","0.46013217"
"mel157","0.043366092","0.045290672","0.008495079","0.186000627","0.037518691","0.033187138","0.000000000","0.097654506","0.054170237","0.000000000","0.494316957"
"mel008","0.01347182","0.55324723","0.00000000","0.00000000","0.00000000","0.03107363","0.00000000","0.00000000","0.01758938","0.00000000","0.38461794"
"mel046","0.022459858","0.018927141","0.012818086","0.097997653","0.004173325","0.014867382","0.123076534","0.009701500","0.020586229","0.017954967","0.657437326"
"mel427","0.01835341","0.12702623","0.00000000","0.38578974","0.00000000","0.06379218","0.00000000","0.03303711","0.04330978","0.00000000","0.32869155"
"mel036","0.022428767","0.000000000","0.000000000","0.413183389","0.000000000","0.099465625","0.000000000","0.004743431","0.036032792","0.000000000","0.424145996"
"mel122","0.01917510","0.07869704","0.05199081","0.24816916","0.00000000","0.04546114","0.00000000","0.00000000","0.01676132","0.00000000","0.53974543"
"mel213","0.04861411","0.03282680","0.02563815","0.20205212","0.00000000","0.03181722","0.18488026","0.04636198","0.04220314","0.00000000","0.38560622"
"mel182","0.01098164","0.34438868","0.00000000","0.00000000","0.00000000","0.05921737","0.00000000","0.00000000","0.03240548","0.00000000","0.55300684"
"mel076","0.000000000","0.109959650","0.000000000","0.458014936","0.000000000","0.072338516","0.000000000","0.000000000","0.005050905","0.000000000","0.354635993"
"mel310","0.04053335","0.00000000","0.00000000","0.32933437","0.00000000","0.03110188","0.29532030","0.00000000","0.02387535","0.00000000","0.27983475"
"mel097","0.196157648","0.096605567","0.034485487","0.025075862","0.001286365","0.008641224","0.274318005","0.123402774","0.085005274","0.050665306","0.104356488"
"mel412","0.038484845","0.000000000","0.012129220","0.208144800","0.140676602","0.032235440","0.135094732","0.006225911","0.017954408","0.000000000","0.409054042"
"mel164","0.045723364","0.054724860","0.112489881","0.056790776","0.036613883","0.006991764","0.000000000","0.208850648","0.035541716","0.000000000","0.442273109"
"mel397","0.06161826","0.01392835","0.00000000","0.20744117","0.02561686","0.04560319","0.00000000","0.00000000","0.02253583","0.06011848","0.56313785"
"mel186","0.001059555","0.300717365","0.000000000","0.000000000","0.000000000","0.027998658","0.000000000","0.000000000","0.035365568","0.000000000","0.634858853"
"mel180","0.03214144","0.14216553","0.00000000","0.36601715","0.00000000","0.04345729","0.00000000","0.37776789","0.03845070","0.00000000","0.00000000"
"mel032","0.02711972","0.04056962","0.01431357","0.08540398","0.00000000","0.01299729","0.03243282","0.04147167","0.01908941","0.05383600","0.67276592"
"mel324","0.03030051","0.00000000","0.00000000","0.30347323","0.00000000","0.07263657","0.00000000","0.01869706","0.01728873","0.00000000","0.55760390"
"mel116","0.02844789","0.12598880","0.00000000","0.27498608","0.00000000","0.05168577","0.00000000","0.01133005","0.04075558","0.00000000","0.46680583"
"mel058","0.024822276","0.000000000","0.001743268","0.158323790","0.000000000","0.019222133","0.073167274","0.000000000","0.009966500","0.014192838","0.698561922"
"mel421","0.0306306462","0.0354617535","0.0026659948","0.1634784599","0.0423533356","0.0405201160","0.0000000000","0.0005443844","0.0129838296","0.0000000000","0.6713614800"
"mel143","0.0185751703","0.0000000000","0.0262215503","0.0000000000","0.1182706818","0.0063043758","0.0767784504","0.0000000000","0.0058946537","0.0006511146","0.7473040030"
"mel268","0.020236005","0.016579330","0.017465811","0.118548010","0.013079844","0.020154351","0.092429705","0.002355846","0.013029930","0.000000000","0.686121168"
"mel264","0.03266917","0.00000000","0.00000000","0.24049659","0.00000000","0.05347541","0.00000000","0.00000000","0.03091633","0.05891151","0.58353098"
"mel166","0.02947248","0.00782291","0.01500183","0.21587208","0.00000000","0.04602354","0.00000000","0.01290231","0.02160633","0.00000000","0.65129852"
"mel144","0.01965716","0.00000000","0.00000000","0.55998866","0.00000000","0.08856767","0.00000000","0.00000000","0.00000000","0.00000000","0.33178651"
"mel146","0.02588986","0.02324954","0.00000000","0.39455536","0.00000000","0.03956446","0.08969252","0.01116655","0.01494300","0.00000000","0.40093871"
"mel408","0.027380903","0.008287447","0.009592912","0.093223290","0.044230414","0.019494280","0.105861420","0.002862783","0.016197430","0.000000000","0.672869121"
"mel429","0.0199757369","0.0007983582","0.0498716581","0.1282303253","0.0665455506","0.0264207088","0.0601076216","0.0247639384","0.0387328201","0.0000000000","0.5845532820"
"mel172","0.015054418","0.000000000","0.000000000","0.274862270","0.000000000","0.063066072","0.073027051","0.009591865","0.028232418","0.000000000","0.536165906"
"mel013","0.01679144","0.07698836","0.00000000","0.40541597","0.00000000","0.08395086","0.00000000","0.00000000","0.04081873","0.00000000","0.37603463"
"mel096","0.0352009292","0.0027742700","0.0004976983","0.2773060152","0.0000000000","0.0283205619","0.1925706440","0.0103694397","0.0231364380","0.0000000000","0.4298240037"
"mel262","0.005580828","0.000000000","0.089186161","0.121869718","0.000000000","0.023601300","0.104799942","0.000000000","0.023219266","0.000000000","0.631742785"
"mel251","0.05042695","0.00000000","0.01102120","0.21772151","0.00000000","0.04754026","0.14280667","0.00000000","0.02559635","0.00000000","0.50488705"
"mel183","0.021384652","0.023404265","0.010076591","0.099308174","0.000000000","0.016354822","0.097669388","0.011956885","0.009973727","0.000000000","0.709871497"
"mel204","0.022116636","0.004776294","0.114068073","0.000000000","0.055779041","0.014021277","0.000000000","0.004962909","0.020305639","0.007146444","0.756823687"
"mel188","0.00000000","0.00000000","0.00000000","0.58277555","0.00000000","0.09893852","0.00000000","0.00000000","0.00000000","0.00000000","0.31828593"
"mel248","0.01164995","0.04569849","0.00000000","0.15056247","0.00000000","0.02955614","0.00000000","0.02688486","0.01975331","0.00000000","0.71589479"
"mel154","0.031638545","0.007186888","0.000000000","0.067673731","0.082004110","0.011539766","0.126038925","0.000000000","0.019231711","0.025668874","0.629017450"
"mel133","0.051435747","0.015020599","0.010116464","0.294502668","0.000000000","0.059182392","0.000000000","0.007984904","0.046806119","0.000000000","0.514951107"
"mel106","0.009857019","0.034054243","0.000000000","0.108987623","0.128224121","0.026454626","0.000000000","0.000000000","0.079620972","0.000000000","0.612801396"
"mel413","0.02293454","0.02024994","0.00000000","0.40434727","0.00000000","0.07874363","0.00000000","0.00219518","0.02001557","0.00000000","0.45151387"
"mel181","0.022840484","0.048093302","0.024638237","0.000000000","0.223560007","0.007801167","0.000000000","0.056286652","0.049623706","0.042903819","0.524252626"
"mel420","5.178397e-02","0.000000e+00","6.188995e-05","1.915888e-01","1.989939e-02","3.407915e-02","4.506255e-02","7.698094e-02","1.326148e-02","0.000000e+00","5.672818e-01"
"mel407","0.021149561","0.003899902","0.011414716","0.191674517","0.000000000","0.030438937","0.111273415","0.000000000","0.013613542","0.017713163","0.598822248"
"mel339","0.08382365","0.01391149","0.00000000","0.30421733","0.00000000","0.05769461","0.01648601","0.08755933","0.06545261","0.00000000","0.37085496"
"mel414","0.010122684","0.002100679","0.000000000","0.149956143","0.000000000","0.084355335","0.000000000","0.014841574","0.000000000","0.104854809","0.633768775"
"mel442","0.012143289","0.000000000","0.004155445","0.241863775","0.000000000","0.050832335","0.000000000","0.076833632","0.023676229","0.000000000","0.590495295"
"mel214","0.015799502","0.000000000","0.000000000","0.240942252","0.000000000","0.064794279","0.002742681","0.008259703","0.024054935","0.000000000","0.643406650"
"mel121","0.06850285","0.00000000","0.00000000","0.35758413","0.00000000","0.07623024","0.00000000","0.01094864","0.04302830","0.00000000","0.44370584"
"mel434","0.023552167","0.014634544","0.019091345","0.250386919","0.000000000","0.046784548","0.048238681","0.005598084","0.022702175","0.000000000","0.569011535"
"mel114","0.01754693","0.00000000","0.00000000","0.35577331","0.00000000","0.08234724","0.00000000","0.00000000","0.02781882","0.00000000","0.51651370"
"mel368","0.05191870","0.06710227","0.00000000","0.27484572","0.00000000","0.07296499","0.00000000","0.13359616","0.06462465","0.00000000","0.33494752"
"mel145","0.010024948","0.003084990","0.016674423","0.043279961","0.091677553","0.012362656","0.041852883","0.007789684","0.010880664","0.000000000","0.762372236"
"mel017","0.015563166","0.003369284","0.000000000","0.330161900","0.000000000","0.052724999","0.046550536","0.000000000","0.029903720","0.000000000","0.521726397"
"mel038","0.02751949","0.00000000","0.00000000","0.10369893","0.08033730","0.01946104","0.05604268","0.00000000","0.02577415","0.01975726","0.66740916"
"mel315","0.01152133","0.00000000","0.00000000","0.33020762","0.00000000","0.05397848","0.11598881","0.00000000","0.01216730","0.00000000","0.47613647"
"mel222","0.03297213","0.00000000","0.00000000","0.59074481","0.00000000","0.08780938","0.00000000","0.00000000","0.00000000","0.00000000","0.28847369"
"mel288","0.0065190387","0.0000000000","0.0055697250","0.1303782708","0.0269543615","0.0164188754","0.0134971789","0.0000000000","0.0007780453","0.0000000000","0.7998845043"
"mel049","0.059885831","0.000000000","0.000000000","0.287061876","0.000000000","0.066225740","0.133388942","0.001088832","0.025309803","0.017524213","0.409514764"
"mel220","0.04952819","0.01952420","0.00000000","0.18990251","0.00000000","0.03019647","0.07406839","0.05093573","0.03483877","0.01058405","0.54042169"
"mel415","0.03591596","0.00000000","0.00000000","0.21221817","0.00000000","0.05840020","0.01006794","0.04634980","0.04391666","0.00000000","0.59313127"
"mel185","0.0232340912","0.1522406661","0.0200007593","0.2020183766","0.0000000000","0.0430387475","0.0000000000","0.0006794634","0.0415334044","0.0000000000","0.5172544915"
"mel261","0.008429597","0.000000000","0.000000000","0.652947852","0.000000000","0.116061226","0.000000000","0.000000000","0.015340379","0.000000000","0.207220945"
"mel021","0.40988475","0.01785195","0.03983035","0.00000000","0.00000000","0.01933634","0.36910438","0.07236290","0.05985395","0.01177538","0.00000000"
"mel028","0.12513520","0.01893472","0.04967023","0.02215415","0.02137297","0.00277677","0.26573184","0.05707422","0.07083695","0.04094347","0.32536947"
"mel130","0.018256655","0.010885535","0.010866156","0.044856431","0.008382005","0.017386882","0.036530431","0.001415122","0.016052435","0.090533744","0.744834603"
"mel235","0.010089075","0.000000000","0.000000000","0.600768405","0.000000000","0.090364115","0.000000000","0.000000000","0.001763739","0.000000000","0.297014667"
"mel082","0.02456563","0.01006873","0.00000000","0.31269238","0.00000000","0.05400760","0.05255283","0.07420703","0.02612217","0.00000000","0.44578363"
"mel091","0.019555799","0.058268531","0.010473764","0.094910008","0.192215939","0.028329182","0.001056331","0.020059711","0.034627179","0.000000000","0.540503558"
"mel329","0.01503466","0.00000000","0.00000000","0.17089986","0.00000000","0.05620298","0.07394924","0.00000000","0.01824670","0.07238312","0.59328345"
"mel410","0.02110813","0.04569859","0.00000000","0.35274966","0.00000000","0.04282963","0.00000000","0.08786774","0.01554886","0.00000000","0.43419740"
"mel250","0.03986086","0.04543337","0.00000000","0.25651253","0.00000000","0.04959851","0.04913780","0.12132236","0.03404072","0.00000000","0.40409384"
"mel351","0.005286897","0.014199107","0.000000000","0.326967318","0.000000000","0.041562256","0.000000000","0.015948032","0.013129938","0.000000000","0.582906452"
"mel416","0.017855470","0.007483079","0.029706739","0.000000000","0.056823530","0.007632298","0.071530756","0.001136273","0.027969003","0.052098770","0.727764084"
"mel014","0.000000000","0.005092219","0.000000000","0.553130134","0.000000000","0.097589817","0.000000000","0.000000000","0.015903183","0.000000000","0.328284647"
"mel247","0.01141106","0.00000000","0.00000000","0.35046887","0.00000000","0.10080228","0.07074821","0.00000000","0.02101522","0.02062704","0.42492732"
"mel011","0.009387987","0.000000000","0.000000000","0.487558536","0.000000000","0.076343378","0.000000000","0.000000000","0.015981840","0.000000000","0.410728259"
"mel314","0.05421023","0.08039680","0.02799808","0.13730374","0.00000000","0.03636105","0.00000000","0.08837705","0.03785928","0.00000000","0.53749379"
"mel440","0.006053997","0.016939759","0.054966472","0.040448205","0.000000000","0.040997515","0.059323364","0.006307210","0.007449216","0.094277593","0.673236668"
"mel359","0.082250038","0.048035652","0.008281767","0.130296379","0.000000000","0.013926605","0.175012573","0.022103809","0.041953557","0.020552399","0.457587220"
"mel068","0.02958504","0.03361490","0.02113924","0.00474966","0.12191532","0.01930657","0.06931634","0.02364430","0.01161198","0.06048209","0.60463458"
"mel126","0.005581403","0.039886480","0.001692214","0.052757204","0.095999619","0.011179914","0.016341719","0.000000000","0.013352631","0.076602480","0.686606337"
"mel221","0.005229518","0.000000000","0.000000000","0.661427293","0.000000000","0.102287821","0.000000000","0.020994106","0.074693593","0.000000000","0.135367669"
"mel459","0.034414964","0.000000000","0.005249295","0.259110859","0.000000000","0.049222677","0.000000000","0.000000000","0.009426594","0.000000000","0.642575611"
"mel439","0.01783565","0.08545350","0.01100782","0.12419342","0.05029194","0.02793476","0.00000000","0.03342923","0.02858912","0.00000000","0.62126457"
"mel084","0.01677448","0.00000000","0.00000000","0.48333961","0.00000000","0.08255715","0.00000000","0.00000000","0.02500061","0.00000000","0.39232816"
"mel026","0.02827194","0.03130242","0.00000000","0.20419584","0.09348050","0.02132493","0.11301398","0.01434386","0.02464568","0.00000000","0.46942084"
"mel353","0.02891213","0.00000000","0.00000000","0.43558740","0.00000000","0.10298033","0.00000000","0.00000000","0.03422908","0.00000000","0.39829105"
"mel159","0.038847115","0.013408849","0.027036294","0.025591180","0.066181125","0.013324954","0.191741338","0.001289592","0.021178022","0.000000000","0.601401532"
"mel199","0.0053433651","0.0136330783","0.0245588789","0.0605001478","0.0296291656","0.0177638831","0.0712459692","0.0002419178","0.0162041553","0.0979471928","0.6629322460"
"mel253","0.02311698","0.00000000","0.02200802","0.27342844","0.00000000","0.06291037","0.08963017","0.00000000","0.02064458","0.00000000","0.50826143"
"mel123","0.012521518","0.006634308","0.000000000","0.273850333","0.000000000","0.033364016","0.000000000","0.000000000","0.087234001","0.000000000","0.586395824"
"mel168","0.0114407621","0.0036292157","0.0285726511","0.0000000000","0.2747957085","0.0199143771","0.0000000000","0.0002439722","0.0090070530","0.0022742181","0.6501220421"
"mel108","0.021482911","0.004137031","0.013849068","0.000000000","0.236234518","0.003946433","0.063611117","0.005641620","0.008937936","0.031216621","0.610942745"
"mel110","0.019013770","0.000000000","0.002289016","0.000000000","0.135443056","0.014610802","0.030582798","0.000000000","0.006922530","0.095860191","0.695277837"
"mel078","0.016479783","0.014246720","0.015195773","0.000000000","0.376479276","0.007259238","0.000000000","0.016845367","0.018802348","0.000000000","0.534691494"
"mel200","0.000000e+00","5.333507e-02","0.000000e+00","7.166374e-01","0.000000e+00","7.247952e-02","0.000000e+00","1.575480e-01","0.000000e+00","0.000000e+00","2.220446e-16"
"mel079","0.020608427","0.000000000","0.000000000","0.366940715","0.000000000","0.070245601","0.045700665","0.000000000","0.009914916","0.000000000","0.486589676"
"mel203","0.03760423","0.00000000","0.00000000","0.44708629","0.00000000","0.07315800","0.00000000","0.00000000","0.00362099","0.00000000","0.43853050"
"mel360","0.02523782","0.08895657","0.00000000","0.22518463","0.00000000","0.05172793","0.00000000","0.02707095","0.04224497","0.00000000","0.53957713"
"mel333","0.009056481","0.013613394","0.012602936","0.111665653","0.097338236","0.022525771","0.066569757","0.000000000","0.009560765","0.054606098","0.602460910"
"mel115","0.04896906","0.00000000","0.00000000","0.50153196","0.00000000","0.09705717","0.00000000","0.00000000","0.00000000","0.00000000","0.35244180"
"mel303","0.026114463","0.146361758","0.004828181","0.277291090","0.000000000","0.040202089","0.015875382","0.023016143","0.043306902","0.000000000","0.423003991"
"mel371","0.06046439","0.04308329","0.05616598","0.17139393","0.00000000","0.04990968","0.03649818","0.03466708","0.04658734","0.04624758","0.45498254"
"mel255","0.03910783","0.02358140","0.03197157","0.00000000","0.28197116","0.01689864","0.01349824","0.02864676","0.02541354","0.01484980","0.52406106"
"mel392","0.020877001","0.009353252","0.007612235","0.000000000","0.503881289","0.007115974","0.021461117","0.004589202","0.009978304","0.000000000","0.415131626"
"mel135","0.05334791","0.00000000","0.00000000","0.31009277","0.00000000","0.06678407","0.00000000","0.00000000","0.01645770","0.00000000","0.55331755"
"mel282","0.05191451","0.07054334","0.00000000","0.45118766","0.00000000","0.07975775","0.00000000","0.09094002","0.05165953","0.00000000","0.20399720"
"mel249","0.0227547581","0.0000000000","0.0000000000","0.5511238286","0.0000000000","0.0718246438","0.0232272561","0.0003535615","0.0042503174","0.0000000000","0.3264656344"
"mel318","0.03461257","0.05071981","0.00000000","0.18538279","0.00000000","0.06412762","0.00000000","0.08015747","0.12007132","0.04093543","0.42399299"
"mel435","0.000000000","0.044439438","0.000000000","0.630550465","0.000000000","0.084895216","0.000000000","0.000000000","0.009676913","0.000000000","0.230437968"
"mel405","0.03236464","0.16037277","0.00000000","0.35980170","0.00000000","0.04479995","0.00000000","0.15165468","0.04041030","0.00000000","0.21059598"
"mel127","0.02397119","0.04744425","0.03491191","0.04599165","0.12632306","0.01938323","0.00000000","0.13666502","0.02804375","0.01563054","0.52163540"
"mel101","0.04008399","0.05764635","0.00000000","0.17642175","0.00000000","0.02665691","0.00000000","0.08791026","0.02682892","0.00000000","0.58445182"
"mel137","0.02840183","0.05229633","0.00000000","0.35625780","0.04340677","0.06882842","0.00000000","0.05599492","0.02629921","0.00000000","0.36851471"
"mel085","0.49751863","0.02141079","0.03912050","0.00000000","0.00000000","0.01935597","0.28459104","0.05778735","0.05507971","0.02513602","0.00000000"
"mel129","0.14921146","0.00000000","0.00000000","0.40512719","0.00000000","0.07286185","0.12961579","0.05514098","0.06256322","0.00000000","0.12547951"
"mel379","0.008543799","0.000000000","0.000000000","0.719646146","0.000000000","0.100581846","0.000000000","0.000000000","0.000000000","0.000000000","0.171228209"
"mel073","0.02102423","0.00000000","0.00000000","0.62233032","0.00000000","0.09232415","0.00000000","0.00000000","0.00000000","0.00000000","0.26432130"
"mel452","0.02279841","0.00000000","0.00000000","0.22314090","0.00000000","0.08424458","0.00000000","0.00000000","0.21316216","0.00000000","0.45665395"
"mel317","0.05206917","0.01996066","0.02366133","0.32205115","0.00000000","0.05870461","0.00000000","0.00000000","0.03803965","0.00000000","0.48551345"
"mel099","0.022879475","0.000000000","0.000000000","0.446105053","0.000000000","0.091348547","0.005881736","0.000000000","0.021150537","0.000000000","0.412634652"
"mel119","0.015971661","0.000000000","0.000000000","0.491643921","0.000000000","0.089943872","0.000000000","0.000991768","0.021749558","0.000000000","0.379699220"
"mel156","0.09698612","0.01876519","0.03637730","0.04710905","0.08060209","0.02026734","0.31654650","0.01786520","0.06772415","0.08040189","0.21735517"
"mel274","0.047937473","0.044786068","0.008340559","0.158292763","0.151154923","0.028780710","0.066829498","0.106085178","0.037316324","0.006573281","0.343903222"
"mel113","0.006585358","0.019167982","0.000000000","0.000000000","0.097559811","0.008930113","0.000000000","0.027571851","0.010525403","0.019990081","0.809669402"
"mel372","0.02870447","0.12988467","0.00000000","0.44119379","0.00000000","0.10067012","0.00000000","0.00000000","0.04318487","0.00000000","0.25636209"
"mel431","0.1435660","0.0000000","0.0000000","0.3846233","0.0000000","0.1274000","0.0000000","0.0000000","0.1381654","0.0000000","0.2062452"
"mel361","0.0554402298","0.0647937717","0.0009314167","0.2974572120","0.0000000000","0.0253359500","0.0000000000","0.3826119830","0.0778828791","0.0000000000","0.0955465576"
"mel322","0.010077000","0.106170824","0.018817535","0.000000000","0.170295125","0.028279537","0.000000000","0.092022757","0.026433040","0.004913611","0.542990572"
"mel263","0.055135611","0.027696655","0.000000000","0.077874736","0.163629957","0.006906421","0.272455871","0.005250056","0.035925867","0.033184960","0.321939865"
"mel003","0.10665898","0.06549258","0.01842376","0.14629823","0.00000000","0.01994943","0.32467940","0.23587143","0.08262620","0.00000000","0.00000000"
"mel337","0.022792999","0.000000000","0.000000000","0.594528261","0.000000000","0.103769046","0.000000000","0.005334974","0.021006058","0.000000000","0.252568662"
"mel006","0.14077384","0.01932655","0.05365078","0.06079102","0.18554722","0.02074103","0.22545947","0.04909081","0.02862312","0.00000000","0.21599615"
"mel258","0.090908573","0.015416042","0.002879275","0.307590125","0.000000000","0.049537443","0.072100878","0.041621714","0.045541270","0.000000000","0.374404679"
"mel109","0.0000000","0.0000000","0.0000000","0.8134453","0.0000000","0.1865547","0.0000000","0.0000000","0.0000000","0.0000000","0.0000000"
"mel236","0.1065542000","0.0624883186","0.0147079000","0.1469940031","0.0002820119","0.0193283310","0.0000000000","0.1498616061","0.0821697909","0.0138295567","0.4037842818"
"mel404","0.04606860","0.14491902","0.00000000","0.33450981","0.00000000","0.06648294","0.00000000","0.06886726","0.03281232","0.00000000","0.30634006"
"mel276","0.03276390","0.14456193","0.00000000","0.31998910","0.00000000","0.04687177","0.00000000","0.05782524","0.05886616","0.00000000","0.33912190"
"mel045","0.02626318","0.00000000","0.00000000","0.80437175","0.00000000","0.12416752","0.00000000","0.00000000","0.03397356","0.00000000","0.01122400"
"mel050","0.04097306","0.05851571","0.00000000","0.20773786","0.02862497","0.03287732","0.00000000","0.06500824","0.03469948","0.01660894","0.51495440"
"mel394","0.02811125","0.03419486","0.00000000","0.36547339","0.00000000","0.06194977","0.00000000","0.06495514","0.02594680","0.00000000","0.41936879"
"mel244","0.02516257","0.00000000","0.00000000","0.37055721","0.00000000","0.04740001","0.00000000","0.00286697","0.04286838","0.00000000","0.51114486"
"mel007","0.1261754830","0.0276448336","0.0086917701","0.2983556526","0.0000000000","0.0652723480","0.2950174242","0.1015068346","0.0546005048","0.0002879609","0.0224471881"
"mel385","0.083404293","0.000000000","0.000000000","0.561344301","0.000000000","0.095302054","0.000000000","0.017555589","0.004621775","0.000000000","0.237771988"
"mel437","0.019777673","0.073142503","0.000000000","0.210121617","0.000000000","0.036023471","0.047104282","0.006003109","0.023800472","0.000000000","0.584026874"
"mel335","0.02579841","0.07302329","0.02325258","0.27086316","0.00000000","0.03041809","0.03952890","0.08432983","0.05668947","0.00000000","0.39609627"
"mel128","0.085638500","0.087411477","0.007729779","0.170702357","0.000000000","0.033514905","0.015368009","0.031944670","0.051751684","0.000000000","0.515938619"
"mel340","0.005828854","0.075885830","0.000000000","0.508621339","0.000000000","0.081167267","0.000000000","0.000000000","0.037399173","0.000000000","0.291097537"
"mel170","0.045899495","0.039339163","0.012880631","0.241957661","0.000000000","0.058420990","0.005435877","0.049626336","0.043756023","0.012862722","0.489821103"
"mel023","0.03321642","0.01927630","0.00000000","0.27434932","0.06774479","0.03669945","0.01671754","0.00000000","0.02923851","0.00000000","0.52275767"
"mel178","0.036316359","0.050950497","0.000000000","0.225112047","0.019121795","0.067568178","0.039990184","0.042790978","0.034983006","0.003791067","0.479375891"
"mel313","0.014999400","0.029258287","0.027961051","0.032157398","0.242683352","0.011175309","0.036049761","0.015334285","0.004616522","0.000000000","0.585764635"
"mel207","0.00000000","0.00000000","0.00000000","0.52109061","0.00000000","0.08061201","0.00000000","0.00139071","0.00000000","0.00000000","0.39690667"
"mel138","0.03233477","0.00000000","0.00000000","0.85260580","0.00000000","0.11505943","0.00000000","0.00000000","0.00000000","0.00000000","0.00000000"
"mel100","0.031481456","0.000000000","0.000000000","0.396269103","0.000000000","0.066631992","0.000000000","0.004243108","0.022281041","0.000000000","0.479093299"
"mel352","0.01929784","0.00000000","0.00000000","0.44552857","0.00000000","0.09207983","0.00000000","0.00000000","0.01952678","0.00000000","0.42356699"
"mel002","0.016575355","0.038315387","0.003556348","0.130437530","0.042259074","0.020537691","0.003737129","0.050261685","0.024135059","0.057583929","0.612600812"
"mel386","0.02304389","0.00000000","0.00000000","0.38763422","0.00000000","0.07147625","0.00000000","0.01072470","0.00000000","0.00000000","0.50712095"
"mel331","0.038286787","0.000000000","0.000000000","0.218317386","0.000000000","0.038349908","0.000000000","0.000000000","0.002077197","0.000000000","0.702968723"
"mel406","0.023681893","0.007610187","0.012058708","0.000000000","0.351565945","0.023060528","0.008588387","0.017949499","0.016787625","0.016236402","0.522460828"
"mel030","0.013647060","0.048002208","0.003971934","0.341448416","0.000000000","0.058860598","0.000000000","0.000000000","0.034573457","0.000000000","0.499496326"
"mel179","0.17812409","0.07468580","0.00000000","0.20699632","0.00000000","0.06252261","0.21246163","0.08478253","0.05556926","0.01412529","0.11073248"
"mel139","0.04679069","0.06566664","0.02527719","0.36537849","0.00000000","0.03178897","0.00000000","0.31909616","0.04360159","0.00000000","0.10240026"
"mel272","0.07072113","0.07906793","0.06524013","0.11846639","0.00000000","0.01751508","0.00000000","0.16876925","0.10346304","0.00000000","0.37675705"
"mel311","0.02088318","0.00000000","0.00000000","0.14686110","0.45680612","0.05522388","0.00000000","0.00000000","0.02908729","0.00000000","0.29113843"
"mel070","0.02225580","0.06720673","0.07160633","0.10926517","0.01979621","0.03707046","0.00000000","0.08424790","0.03612044","0.00000000","0.55243096"
"mel173","0.018725745","0.041439220","0.029552990","0.059087705","0.028861178","0.017952414","0.059466101","0.000000000","0.009733708","0.029241327","0.705939611"
"mel387","0.027045847","0.045648278","0.060367198","0.073309098","0.213888367","0.011944432","0.005371009","0.075647616","0.012974091","0.000000000","0.473804063"
"mel001","0.15207863","0.09418867","0.00000000","0.54356625","0.00000000","0.06517899","0.00000000","0.09752493","0.04746253","0.00000000","0.00000000"
"mel390","0.02503743","0.17012861","0.06899326","0.15372713","0.06695104","0.04137111","0.00000000","0.12435649","0.10799310","0.00000000","0.24144182"
"mel033","0.02026139","0.01000766","0.00000000","0.19156907","0.00000000","0.03169490","0.00000000","0.00000000","0.02464401","0.03948235","0.68234063"
"mel323","0.062758027","0.001303722","0.000000000","0.361007872","0.000000000","0.104463625","0.032167207","0.017316574","0.051406690","0.000000000","0.369576283"
"mel290","0.03731773","0.00000000","0.00000000","0.83142360","0.00000000","0.13125867","0.00000000","0.00000000","0.00000000","0.00000000","0.00000000"
"mel151","0.040679391","0.021004065","0.000000000","0.294070722","0.055761237","0.063413942","0.000000000","0.001322383","0.021702754","0.000000000","0.502045506"
"mel193","0.010160340","0.023669417","0.034059246","0.039897733","0.032748815","0.016397776","0.012001310","0.009544543","0.025611060","0.122953052","0.672956709"
"mel430","0.01183056","0.11793819","0.00000000","0.23132155","0.00000000","0.02268176","0.00000000","0.10593766","0.02202649","0.00000000","0.48826378"
"mel455","0.03092354","0.09351999","0.09998834","0.00000000","0.05540416","0.01159552","0.12303054","0.02877411","0.04579463","0.01571303","0.49525614"
"mel449","0.020609656","0.000000000","0.032259577","0.106177985","0.000000000","0.034535063","0.000000000","0.000000000","0.006463513","0.136657623","0.663296584"
"mel465","0.009654760","0.000000000","0.028895086","0.516018867","0.000000000","0.090484491","0.000000000","0.000000000","0.009605635","0.000000000","0.345341162"
"mel345","4.122395e-01","3.144110e-02","1.430912e-02","0.000000e+00","0.000000e+00","1.208120e-03","3.399083e-01","1.093792e-02","1.736957e-01","1.626021e-02","2.434115e-16"
"mel469","0.008668089","0.012949077","0.030331020","0.054600723","0.033558209","0.013575634","0.022641415","0.022440532","0.005129743","0.000000000","0.796105558"
"mel467","0.01260842","0.00000000","0.05353741","0.45949115","0.00000000","0.12385909","0.05456507","0.00000000","0.03144159","0.00000000","0.26449726"
"mel460","0.005688180","0.000000000","0.000000000","0.153370699","0.193058328","0.027204655","0.000000000","0.002161303","0.004059284","0.000000000","0.614457550"
"mel042","0.03992440","0.01832448","0.00000000","0.30267650","0.00000000","0.03034317","0.28366289","0.00000000","0.04336317","0.00000000","0.28170539"
"mel027","0.034621037","0.007142090","0.055212374","0.000000000","0.076147942","0.007060326","0.014185122","0.031619239","0.022760844","0.025759813","0.725491212"
"mel456","0.028683443","0.000000000","0.061533654","0.000000000","0.068559684","0.002912598","0.028323586","0.031326923","0.007599573","0.015993508","0.755067031"
"mel468","0.004364401","0.112233087","0.010070647","0.000000000","0.329424406","0.010000740","0.000000000","0.105465254","0.043752467","0.029642998","0.355046000"
"mel462","2.237172e-03","5.276671e-02","0.000000e+00","5.153217e-01","0.000000e+00","6.023675e-02","0.000000e+00","3.284558e-01","4.098182e-02","0.000000e+00","1.110223e-16"
"mel059","0.037409841","0.097935591","0.076624893","0.244738572","0.006469808","0.041756222","0.000000000","0.000000000","0.032980856","0.000000000","0.462084217"
"mel087","0.019435529","0.009022411","0.000000000","0.230451170","0.031572180","0.044734453","0.002974246","0.032126550","0.018194582","0.000000000","0.611488878"
"mel120","0.00000000","0.00000000","0.00000000","0.74392991","0.00000000","0.09254114","0.00000000","0.00000000","0.00000000","0.00000000","0.16352895"
"mel019","0.06231183","0.00000000","0.00000000","0.76222481","0.00000000","0.09742259","0.00000000","0.00000000","0.00000000","0.00000000","0.07804077"
"mel334","0.03586067","0.07447265","0.08168577","0.23790646","0.00000000","0.05076568","0.01018913","0.12399353","0.02901424","0.00000000","0.35611187"
"mel190","0.021692623","0.000000000","0.000000000","0.276787379","0.000000000","0.083748129","0.007542407","0.000000000","0.027382977","0.044084550","0.538761934"
"mel426","0.02719680","0.00000000","0.00000000","0.40531329","0.00000000","0.08806631","0.01329153","0.02508301","0.06800156","0.00000000","0.37304750"
"mel196","0.02483722","0.02803166","0.00000000","0.28381730","0.00000000","0.03575142","0.00000000","0.05363325","0.04112499","0.00000000","0.53280415"
"mel009","0.02338851","0.18453098","0.01473254","0.16784119","0.00000000","0.02929744","0.00000000","0.24125362","0.03538665","0.00000000","0.30356906"
"mel174","0.01456831","0.00000000","0.00000000","0.45828682","0.00000000","0.07621263","0.00000000","0.00000000","0.00867782","0.00000000","0.44225442"
"mel389","0.0357036884","0.0297766492","0.0000000000","0.1300524444","0.0002793931","0.0317921357","0.0902059483","0.0000000000","0.0150296362","0.0240812898","0.6430788149"
"mel246","0.01777571","0.13333673","0.00000000","0.22578236","0.00000000","0.03496669","0.00000000","0.07781247","0.12237123","0.00000000","0.38795481"
"mel219","0.0701264314","0.0563377291","0.0000000000","0.3111423600","0.0009243608","0.0630659604","0.0000000000","0.1280945013","0.0746081113","0.0000000000","0.2957005457"
"mel309","0.00000000","0.00000000","0.00000000","0.29820835","0.10461940","0.09319604","0.00000000","0.00000000","0.00000000","0.00000000","0.50397621"
"mel285","0.008031286","0.026219555","0.029654827","0.000000000","0.152186038","0.013016809","0.000000000","0.010847834","0.038442680","0.013763322","0.707837649"
"mel292","2.748897e-02","2.382097e-01","0.000000e+00","9.392607e-02","0.000000e+00","0.000000e+00","0.000000e+00","6.403752e-01","0.000000e+00","0.000000e+00","2.220446e-16"
"mel232","0.04386843","0.02595558","0.00000000","0.21043257","0.00000000","0.04119040","0.04600976","0.03358498","0.01059626","0.00000000","0.58836201"
"mel307","0.006173504","0.001565336","0.000000000","0.256809245","0.082020953","0.045995526","0.000000000","0.000000000","0.000000000","0.000000000","0.607435437"
"mel098","0.11044664","0.02554310","0.03223162","0.19276924","0.00000000","0.04142490","0.27731760","0.02307992","0.09361717","0.00000000","0.20356980"
"mel067","0.05769224","0.02554815","0.03188743","0.13860374","0.00000000","0.03770483","0.00000000","0.00000000","0.03118887","0.00000000","0.67737473"
"mel400","0.05110668","0.04888164","0.00000000","0.35904835","0.00000000","0.06661144","0.00000000","0.00000000","0.01957285","0.00000000","0.45477903"
"mel187","0.0132256793","0.0001900631","0.0233544320","0.1077600290","0.0000000000","0.0167703909","0.0816649542","0.0000000000","0.0093933730","0.0366388986","0.7110021799"
"mel024","0.04606525","0.00000000","0.00000000","0.39659470","0.09281746","0.07680172","0.00000000","0.06063066","0.03223715","0.00000000","0.29485305"
"mel083","0.03292435","0.00000000","0.00000000","0.51682287","0.00000000","0.07554542","0.00000000","0.00000000","0.01457163","0.00000000","0.36013573"
"mel155","0.12316795","0.04195257","0.01854244","0.20990323","0.00000000","0.03449828","0.10407173","0.02381596","0.11206198","0.00000000","0.33198586"
"mel286","0.028479701","0.007393280","0.000000000","0.526488759","0.062053916","0.081596130","0.000000000","0.000000000","0.001458155","0.000000000","0.292530059"
"mel316","0.023891357","0.000000000","0.000000000","0.508546906","0.000000000","0.088453270","0.000000000","0.003193792","0.010240021","0.000000000","0.365674654"
"mel423","0.020157778","0.028543281","0.083538418","0.081343809","0.023696889","0.022830191","0.107382331","0.001825577","0.024041339","0.021559727","0.585080661"
"mel209","0.0000000","0.0000000","0.0000000","0.8777436","0.0000000","0.1222564","0.0000000","0.0000000","0.0000000","0.0000000","0.0000000"
"mel446","0.02749140","0.00000000","0.00000000","0.71129794","0.00000000","0.07693475","0.00000000","0.00000000","0.00000000","0.00000000","0.18427591"
"mel086","0.02497483","0.00000000","0.00000000","0.35185297","0.00000000","0.05778832","0.00000000","0.00000000","0.00582343","0.00000000","0.55956045"
"mel195","0.029562484","0.000000000","0.005705019","0.054371002","0.000000000","0.033750432","0.120687715","0.000000000","0.018720120","0.155564851","0.581638376"
"mel090","0.07200504","0.04842863","0.00000000","0.31596188","0.00000000","0.07092686","0.00000000","0.04680109","0.05537968","0.00000000","0.39049681"
"mel445","0.01538814","0.00000000","0.00000000","0.31537135","0.00000000","0.05243939","0.00000000","0.01656983","0.01232189","0.00000000","0.58790941"
"mel296","0.019942859","0.000000000","0.000000000","0.130669722","0.263412907","0.019166821","0.044259574","0.000000000","0.006980661","0.000000000","0.515567455"
"mel094","0.000000e+00","0.000000e+00","0.000000e+00","8.943064e-01","0.000000e+00","1.056936e-01","0.000000e+00","0.000000e+00","0.000000e+00","0.000000e+00","3.330669e-16"
"mel233","0.04724213","0.00000000","0.00000000","0.34212869","0.00000000","0.08147613","0.00000000","0.00000000","0.02537029","0.00000000","0.50378276"
"mel349","0.052213480","0.000000000","0.000000000","0.492436289","0.000000000","0.097010460","0.056448254","0.002373204","0.031006182","0.000000000","0.268512130"
"mel095","0.07857477","0.00000000","0.00000000","0.44445370","0.00000000","0.08212799","0.00000000","0.00000000","0.01756634","0.00000000","0.37727721"
"mel463","0.014503128","0.050474188","0.000000000","0.000000000","0.000000000","0.056320052","0.007380716","0.000000000","0.046415519","0.062523231","0.762383167"
"mel043","0.05473592","0.03504216","0.00000000","0.16782935","0.04305812","0.03511567","0.00000000","0.05393181","0.04504252","0.04025541","0.52498904"
"mel041","0.007850295","0.002625845","0.025622704","0.000000000","0.204306120","0.028620889","0.000000000","0.000000000","0.000000000","0.034315149","0.696658997"
"mel081","0.07954879","0.02871594","0.00000000","0.25589889","0.00000000","0.04919954","0.00000000","0.05288054","0.02712696","0.00000000","0.50662932"
"mel453","0.03081987","0.00000000","0.00000000","0.44285657","0.00000000","0.07940182","0.02932623","0.00000000","0.02626239","0.00000000","0.39133312"
"mel061","0.022515289","0.000000000","0.000000000","0.525632410","0.000000000","0.097848025","0.000000000","0.000000000","0.001948047","0.000000000","0.352056228"
"mel470","0.008233479","0.000000000","0.000000000","0.622072491","0.000000000","0.098018483","0.000000000","0.000000000","0.000000000","0.000000000","0.271675547"
"mel388","0.023241158","0.059410503","0.009802805","0.234100089","0.000000000","0.044809070","0.000000000","0.000000000","0.008085219","0.000000000","0.620551156"
"mel454","0.03125312","0.00000000","0.03012478","0.25808238","0.00000000","0.03097661","0.00000000","0.03013100","0.01824310","0.00000000","0.60118902"
"mel167","0.021545805","0.000000000","0.000000000","0.597035155","0.000000000","0.090882588","0.000000000","0.000000000","0.001596763","0.000000000","0.288939689"
"mel312","0.10881459","0.01202804","0.03739601","0.07783559","0.04188212","0.02369177","0.24729076","0.05758233","0.05447417","0.02558362","0.31342102"
"mel293","0.022870866","0.010828501","0.016195123","0.000000000","0.282210525","0.020190169","0.000000000","0.000000000","0.016142536","0.008494407","0.623067873"
"mel419","0.04402058","0.00000000","0.00000000","0.42572214","0.00000000","0.10494877","0.00000000","0.00000000","0.03130563","0.00000000","0.39400289"
"mel111","0.0133252","0.0000000","0.0000000","0.7581110","0.0000000","0.1213453","0.0000000","0.0000000","0.0000000","0.0000000","0.1072185"
"mel365","0.0500257265","0.0000000000","0.0002746686","0.1964984499","0.0000000000","0.0669371133","0.0000000000","0.0054871163","0.0380115255","0.0434574720","0.5993079280"
"mel391","0.0234188491","0.0060537470","0.0219102450","0.0581796373","0.0736112613","0.0485118782","0.0812048426","0.0002869093","0.0219440765","0.0943350110","0.5705435428"
"mel088","0.039706144","0.009131828","0.000000000","0.183908539","0.000000000","0.028334087","0.044284585","0.004886915","0.018860470","0.000000000","0.670887432"
"mel295","0.03098360","0.00000000","0.00000000","0.32994301","0.00000000","0.04158901","0.00000000","0.01718490","0.00867812","0.00000000","0.57162136"
"mel234","0.03184081","0.00000000","0.00000000","0.24284352","0.00000000","0.06497262","0.00000000","0.00000000","0.02832680","0.00000000","0.63201626"
"mel241","0.250325990","0.046021120","0.008760988","0.187959124","0.000000000","0.039811813","0.150173202","0.046480819","0.038942524","0.000000000","0.231524422"
"mel269","0.020421597","0.000000000","0.000000000","0.545783408","0.000000000","0.107121268","0.000000000","0.000000000","0.005725324","0.000000000","0.320948404"
"mel231","0.003397873","0.337665358","0.000000000","0.000000000","0.147820671","0.004054612","0.000000000","0.009668928","0.000000000","0.000000000","0.497392558"
"mel211","0.06540427","0.13390492","0.01399382","0.14884120","0.00000000","0.03386015","0.00000000","0.18222873","0.07309243","0.00000000","0.34867447"
"mel291","0.021170106","0.002679119","0.000000000","0.587305228","0.000000000","0.122891600","0.000000000","0.024231551","0.044653984","0.000000000","0.197068412"
"mel384","0.13622099","0.06678747","0.03708440","0.19175842","0.00000000","0.04635406","0.00000000","0.02234477","0.03421514","0.00000000","0.46523476"
"mel102","0.00000000","0.00000000","0.00000000","0.59216900","0.00000000","0.08818126","0.00000000","0.00000000","0.02680314","0.00000000","0.29284659"
"mel071","0.006189274","0.000000000","0.006887576","0.000000000","0.463026607","0.000000000","0.024156775","0.002073940","0.002940014","0.000000000","0.494725814"
"mel284","2.481451e-02","0.000000e+00","0.000000e+00","2.348086e-01","0.000000e+00","3.658770e-02","0.000000e+00","6.642274e-02","1.878649e-02","6.692972e-05","6.185130e-01"
"mel051","0.02332528","0.00000000","0.00000000","0.21935273","0.06401887","0.03306763","0.07510973","0.00000000","0.01082493","0.00000000","0.57430082"
"mel358","0.01101146","0.14289078","0.00000000","0.26448147","0.00000000","0.05686184","0.00000000","0.01943805","0.03143077","0.00000000","0.47388564"
"mel205","0.02378163","0.10496528","0.00000000","0.64250884","0.00000000","0.10549614","0.00000000","0.12324811","0.00000000","0.00000000","0.00000000"
"mel176","0.015217987","0.008317093","0.000000000","0.428854844","0.000000000","0.071017852","0.000000000","0.000000000","0.012371660","0.000000000","0.464220564"
"mel161","2.738741e-02","6.935867e-02","0.000000e+00","2.657088e-01","0.000000e+00","4.148348e-02","3.799887e-02","1.296618e-06","2.832283e-02","0.000000e+00","5.297386e-01"
"mel022","0.017398531","0.003278732","0.006170019","0.017690406","0.332354318","0.019178681","0.037841378","0.000000000","0.009216549","0.000000000","0.556871386"
"mel278","0.02219725","0.02182705","0.00000000","0.32946260","0.00000000","0.04651839","0.00000000","0.11403514","0.04475912","0.00000000","0.42120046"
"mel299","0.035390514","0.000000000","0.000000000","0.103718244","0.028877463","0.010042212","0.230746001","0.000000000","0.025913221","0.001203682","0.564108663"
"mel169","0.0131203465","0.0307989477","0.0000000000","0.0097729404","0.0260028305","0.0550738368","0.0916940114","0.0007378088","0.0236154219","0.0672672738","0.6819165823"
"mel053","0.009411950","0.002785632","0.021819127","0.031260106","0.000000000","0.013302851","0.078307682","0.000000000","0.008801426","0.074074969","0.760236255"
"mel366","0.002304627","0.000000000","0.000000000","0.168160198","0.000000000","0.007656388","0.122934413","0.000000000","0.010624126","0.004073349","0.684246897"
"mel031","0.10392591","0.00000000","0.00000000","0.31618550","0.12247515","0.03930651","0.13583276","0.05185603","0.04676176","0.00000000","0.18365638"
"mel464","3.102685e-03","1.246436e-01","0.000000e+00","4.275882e-01","0.000000e+00","3.759656e-02","0.000000e+00","4.044744e-01","2.594549e-03","0.000000e+00","4.440892e-16"
"mel141","0.016247998","0.054459618","0.019972321","0.186251999","0.000000000","0.037612658","0.022595447","0.000000000","0.006181758","0.000000000","0.656678201"
"mel202","0.04359529","0.08256775","0.02028412","0.17683997","0.00000000","0.01657214","0.05543180","0.06546850","0.03848497","0.00000000","0.50075546"
"mel064","0.02248612","0.02176475","0.05559929","0.02010594","0.05162291","0.02032960","0.00000000","0.05978748","0.02181506","0.02270582","0.70378304"
"mel350","0.02665885","0.00000000","0.00000000","0.62573394","0.00000000","0.17226083","0.08579312","0.03489040","0.05466286","0.00000000","0.00000000"
"mel044","0.018112399","0.023533853","0.002374163","0.067185596","0.197839916","0.033240254","0.000000000","0.011387297","0.014148435","0.037608713","0.594569375"
"mel401","0.02184853","0.06878974","0.02260143","0.07386021","0.06569074","0.01496264","0.09660110","0.01543242","0.01424957","0.00000000","0.60596362"
"mel230","0.013807810","0.047635241","0.001793959","0.270132144","0.000000000","0.055303684","0.000000000","0.095029863","0.025080098","0.000000000","0.491217200"
"mel377","0.01933941","0.01960305","0.00000000","0.39990466","0.00000000","0.06969054","0.00000000","0.07145490","0.03718895","0.00000000","0.38281849"
"mel150","0.02073119","0.02341173","0.06019550","0.00000000","0.01150089","0.03480403","0.08512046","0.00000000","0.02189513","0.04947140","0.69286967"
"mel037","0.019341794","0.005807699","0.000000000","0.136978360","0.199722644","0.016629396","0.082923888","0.000000000","0.013590504","0.000000000","0.525005716"
"mel124","0.025343425","0.036643350","0.000000000","0.241881406","0.000000000","0.058050515","0.007912885","0.030553743","0.047379334","0.000000000","0.552235342"
"mel393","0.017730808","0.017722619","0.005809918","0.000000000","0.209129939","0.004232238","0.050349514","0.008674662","0.010630176","0.000000000","0.675720125"
"mel158","0.0044770576","0.0015095323","0.0165983288","0.0000000000","0.2734883953","0.0091091226","0.0289833427","0.0008555251","0.0103233219","0.0000000000","0.6546553738"
"mel381","0.02641762","0.14400362","0.00000000","0.22149236","0.00000000","0.02243252","0.00000000","0.43636156","0.05770851","0.00000000","0.09158382"
"mel327","0.017196182","0.042976146","0.000000000","0.103619232","0.002279016","0.031599630","0.030572731","0.005844652","0.021440174","0.000000000","0.744472237"
"mel077","0.030399280","0.001491908","0.000000000","0.193620491","0.000000000","0.030569205","0.056514354","0.005601154","0.011420710","0.000000000","0.670382897"
"mel162","0.02733780","0.02955176","0.01662573","0.05873007","0.01058534","0.01865675","0.03809851","0.08856923","0.04579138","0.06129339","0.60476005"
"mel224","0.022294244","0.003995235","0.000000000","0.240422679","0.000000000","0.024199996","0.114597982","0.174371508","0.021048600","0.000000000","0.399069756"
"mel266","0.02468511","0.00000000","0.00000000","0.29412170","0.00000000","0.06148283","0.02954505","0.02096193","0.02730155","0.00000000","0.54190183"
"mel063","0.022036436","0.003123837","0.086889073","0.236268650","0.000000000","0.048214262","0.000000000","0.000000000","0.000000000","0.000000000","0.603467743"
"mel201","0.01945233","0.00000000","0.00000000","0.45589318","0.00000000","0.10768648","0.00000000","0.00000000","0.02440117","0.00000000","0.39256684"
"mel215","0.01766996","0.01360306","0.04393663","0.02737771","0.03771167","0.01194996","0.02932175","0.06075337","0.02491366","0.01259253","0.72016971"
"mel104","0.003755597","0.017579316","0.007381753","0.039610164","0.632824203","0.026915020","0.000000000","0.013891707","0.005773053","0.000000000","0.252269187"
"mel369","0.06719351","0.00000000","0.00000000","0.36389874","0.00000000","0.07809277","0.00000000","0.00000000","0.02342348","0.00000000","0.46739151"
"mel356","0.023044880","0.000000000","0.029712359","0.000000000","0.160815428","0.023509393","0.121764389","0.002161996","0.021673061","0.132560649","0.484757845"
"mel373","0.06314098","0.00000000","0.00000000","0.68755388","0.00000000","0.14841062","0.00000000","0.00000000","0.00000000","0.00000000","0.10089452"
"mel332","0.02354656","0.03136220","0.00000000","0.30761798","0.00000000","0.05428799","0.00000000","0.06994940","0.02650584","0.00000000","0.48673003"
"mel362","0.0239485918","0.0295038577","0.0121120331","0.0000000000","0.2431233328","0.0092699302","0.0822222814","0.0009315664","0.0112103836","0.0055328548","0.5821451683"
"mel267","0.032789784","0.013197445","0.010388236","0.158501451","0.000000000","0.058797595","0.031917205","0.004486513","0.021574633","0.000000000","0.668347137"
"mel177","0.063264813","0.011788662","0.014246110","0.088660118","0.000000000","0.018784588","0.066645490","0.005501404","0.021941672","0.014683414","0.694483728"
"mel105","0.02068828","0.02942505","0.01205149","0.06815516","0.11392670","0.03313044","0.00000000","0.04963022","0.01968119","0.12900054","0.52431092"
"mel240","0.004894615","0.264027930","0.023222573","0.275560606","0.004496991","0.024486045","0.000000000","0.222454539","0.030658432","0.000000000","0.150198269"
"mel402","0.026071372","0.000000000","0.053294628","0.003038043","0.038829821","0.019316216","0.157546150","0.000000000","0.003870421","0.027846231","0.670187119"
"mel237","0.014834680","0.004505368","0.012399942","0.087630291","0.035288714","0.033085004","0.000000000","0.000000000","0.009221450","0.021415960","0.781618590"
"mel055","0.013124960","0.050689113","0.006928161","0.161229128","0.000000000","0.099861143","0.000000000","0.004295211","0.059081133","0.060576346","0.544214806"
"mel424","0.02691090","0.00000000","0.00000000","0.36107299","0.00000000","0.06579413","0.00000000","0.00000000","0.01072231","0.00000000","0.53549968"
"mel257","0.0091127168","0.0000000000","0.0000000000","0.1872000923","0.0005454907","0.0175685221","0.0746439871","0.0160720065","0.0226062384","0.0000000000","0.6722509461"
"mel089","0.040782963","0.000000000","0.000000000","0.393258996","0.000000000","0.051432716","0.000000000","0.007852515","0.020151593","0.000000000","0.486521217"
"mel418","0.03301291","0.00000000","0.00000000","0.28084952","0.00000000","0.08327595","0.00000000","0.00000000","0.03035187","0.00000000","0.57250975"
"mel441","0.030183274","0.032051603","0.002067619","0.211891144","0.000000000","0.014043251","0.150589979","0.159045013","0.024326860","0.000000000","0.375801256"
"mel223","0.04547381","0.00000000","0.00000000","0.18638622","0.00000000","0.03901612","0.00000000","0.00000000","0.00000000","0.00418965","0.72493420"
"mel433","0.04974611","0.00000000","0.00000000","0.51903978","0.00000000","0.07656746","0.04053802","0.01947367","0.03790294","0.00000000","0.25673203"
"mel057","0.04211865","0.00000000","0.00000000","0.26723932","0.00000000","0.09937818","0.03491178","0.01583503","0.03658984","0.17568603","0.32824117"
"mel436","0.019862722","0.066015039","0.072495688","0.000000000","0.047595866","0.005706197","0.235658585","0.039997335","0.025435488","0.065101679","0.422131401"
