"","B cell","Cancer associated fibroblast","T cell CD4+","T cell CD8+","Endothelial cell","Macrophage","NK cell","uncharacterized cell"
"mel354","6.309964e-08","2.318878e-02","1.242557e-08","2.077113e-08","1.097975e-01","6.239709e-03","1.068600e-06","8.607728e-01"
"mel432","5.371025e-02","2.217673e-02","2.651135e-01","1.774601e-01","1.132104e-01","1.562228e-02","3.471369e-10","3.527067e-01"
"mel243","6.987282e-02","1.970769e-02","2.498706e-01","9.722122e-02","1.499292e-01","1.185291e-02","1.552312e-09","4.015456e-01"
"mel321","3.355281e-09","2.587257e-02","5.301670e-02","1.546591e-04","1.787878e-01","7.887200e-03","5.631009e-07","7.342805e-01"
"mel218","4.297526e-10","2.426650e-02","1.502089e-01","2.057413e-07","1.215571e-01","1.142025e-02","4.972481e-06","6.925421e-01"
"mel302","2.915411e-02","2.620204e-02","2.605179e-01","1.655077e-01","2.075803e-01","1.461601e-02","1.066171e-08","2.964219e-01"
"mel383","1.760456e-09","2.031226e-02","1.631204e-01","2.630103e-02","1.029420e-01","1.152249e-02","3.009844e-08","6.758018e-01"
"mel428","2.177987e-02","1.912455e-02","1.915002e-01","5.888264e-02","1.194057e-01","1.060330e-02","1.507144e-10","5.787038e-01"
"mel375","4.713926e-09","1.654526e-02","2.402423e-01","4.361677e-02","1.163432e-01","1.663861e-02","1.007338e-06","5.666129e-01"
"mel227","2.577966e-10","2.814825e-02","1.186417e-01","8.684257e-08","1.966467e-01","1.197584e-02","1.764610e-03","6.428228e-01"
"mel271","8.500013e-10","1.751094e-02","1.385754e-01","6.927740e-07","9.810442e-02","1.135331e-02","6.408811e-07","7.344546e-01"
"mel260","5.981135e-10","2.687916e-02","1.782297e-01","5.264484e-08","1.856008e-01","1.212172e-02","3.421735e-06","5.971651e-01"
"mel165","2.951851e-03","2.298908e-02","2.372576e-01","5.767004e-02","1.335499e-01","1.463018e-02","1.406618e-09","5.309513e-01"
"mel092","1.208791e-09","2.474794e-02","9.771576e-02","1.710620e-08","1.346341e-01","1.095902e-02","1.096953e-04","7.318335e-01"
"mel265","5.731225e-02","2.810335e-02","2.438528e-01","1.005329e-01","1.736110e-01","1.319662e-02","1.082804e-09","3.833911e-01"
"mel142","5.613715e-07","2.744384e-02","9.452361e-02","4.774669e-08","1.881655e-01","9.928913e-03","1.722755e-09","6.799375e-01"
"mel004","9.173957e-09","3.097918e-02","2.635580e-01","2.471479e-02","1.349998e-01","1.449907e-02","8.735994e-09","5.312491e-01"
"mel342","9.109430e-10","2.047704e-02","3.588498e-02","9.797272e-09","1.092644e-01","6.538942e-03","1.611322e-03","8.262233e-01"
"mel245","3.759200e-02","2.181247e-02","2.304560e-01","2.123955e-02","1.307981e-01","1.404092e-02","1.678905e-10","5.440610e-01"
"mel270","1.449898e-02","2.209771e-02","1.587373e-01","3.105131e-08","1.267253e-01","8.400848e-03","2.635184e-10","6.695398e-01"
"mel281","8.873061e-02","2.570984e-02","2.861583e-01","1.548701e-01","1.441528e-01","1.500993e-02","4.439744e-10","2.853685e-01"
"mel374","2.653569e-09","2.162046e-02","1.116524e-01","3.600039e-08","1.321184e-01","1.017572e-02","3.433667e-04","7.240896e-01"
"mel370","1.095033e-02","1.866016e-02","2.461792e-01","5.479083e-02","1.128491e-01","1.113894e-02","8.050349e-10","5.454315e-01"
"mel363","6.775726e-03","2.522503e-02","2.041861e-01","1.316970e-01","1.527683e-01","1.319788e-02","2.394685e-08","4.661499e-01"
"mel080","5.172936e-09","2.666046e-02","1.811566e-01","3.512077e-10","1.180263e-01","1.032866e-02","2.633843e-09","6.638280e-01"
"mel348","0.0241895973","0.0241568491","0.2317434047","0.1422271005","0.1914211029","0.0154662089","0.0006238231","0.3701719136"
"mel018","8.652345e-08","1.852510e-02","1.577437e-01","4.995050e-02","1.412451e-01","1.211996e-02","4.774833e-10","6.204155e-01"
"mel136","2.872263e-09","1.675054e-02","1.408261e-01","4.150206e-08","1.470168e-01","1.187304e-02","7.595157e-06","6.835258e-01"
"mel054","6.678382e-02","2.250716e-02","3.321965e-01","9.374171e-02","1.494839e-01","1.199618e-02","1.240382e-10","3.232907e-01"
"mel194","3.591761e-02","3.054035e-02","2.189576e-01","1.125392e-02","2.164825e-01","1.079157e-02","1.720804e-09","4.760564e-01"
"mel444","4.970203e-09","1.712616e-02","2.986438e-01","4.836626e-10","8.349286e-02","1.135062e-02","4.027509e-09","5.893866e-01"
"mel117","5.686002e-02","2.643689e-02","2.822556e-01","1.787195e-01","1.956296e-01","1.675937e-02","1.160321e-09","2.433389e-01"
"mel015","4.992452e-02","2.828478e-02","2.729854e-01","3.313784e-02","1.892516e-01","1.549660e-02","5.467070e-10","4.109193e-01"
"mel131","3.807876e-02","2.136597e-02","2.077813e-01","9.647384e-02","1.455444e-01","1.478493e-02","1.391898e-09","4.759708e-01"
"mel206","1.058030e-03","2.075076e-02","2.324442e-01","5.458799e-02","1.165484e-01","1.075857e-02","3.217459e-10","5.638521e-01"
"mel147","5.331677e-02","1.810470e-02","2.615577e-01","1.959089e-01","1.430274e-01","1.719736e-02","2.083077e-11","3.108872e-01"
"mel425","4.844708e-08","2.514457e-02","1.317653e-01","1.424379e-01","1.108947e-01","1.186992e-02","2.840960e-12","5.778876e-01"
"mel341","3.632782e-02","2.839231e-02","2.578490e-01","1.028629e-01","1.609073e-01","1.199005e-02","1.281549e-10","4.016706e-01"
"mel112","6.272437e-02","2.434563e-02","3.549601e-01","1.643349e-01","2.002671e-01","1.685144e-02","8.957371e-10","1.765164e-01"
"mel226","8.848633e-02","2.199396e-02","3.545373e-01","2.387810e-01","1.881284e-01","1.735134e-02","7.363755e-11","9.072169e-02"
"mel399","5.560089e-09","3.004344e-02","2.845197e-01","6.081490e-02","1.678545e-01","1.529366e-02","1.250677e-09","4.414738e-01"
"mel189","1.131543e-01","1.823925e-02","3.629036e-01","1.275536e-01","1.742604e-01","1.482720e-02","3.693662e-10","1.890617e-01"
"mel212","7.275923e-03","2.087712e-02","2.235628e-01","1.028479e-01","1.120306e-01","1.489594e-02","4.507974e-09","5.185097e-01"
"mel060","1.074470e-01","2.874512e-02","3.262909e-01","6.060244e-02","1.960791e-01","1.133058e-02","6.075421e-10","2.695049e-01"
"mel280","4.599192e-02","1.963885e-02","1.471281e-01","2.809265e-07","1.226281e-01","7.533653e-03","3.025840e-10","6.570791e-01"
"mel012","7.780612e-02","1.944296e-02","2.522061e-01","1.331434e-01","1.345222e-01","1.455685e-02","2.379807e-09","3.683224e-01"
"mel025","6.703457e-03","2.336565e-02","2.011434e-01","3.315429e-08","1.322081e-01","1.181668e-02","3.670654e-08","6.247627e-01"
"mel338","3.346172e-02","2.128246e-02","2.634346e-01","2.073557e-01","1.574806e-01","1.452715e-02","2.114550e-10","3.024578e-01"
"mel228","1.776899e-02","2.656653e-02","1.567040e-01","4.924517e-08","1.935837e-01","1.360814e-02","2.855286e-07","5.917683e-01"
"mel304","7.049690e-02","2.577900e-02","2.181050e-01","1.283369e-01","1.700794e-01","1.373910e-02","3.205481e-09","3.734638e-01"
"mel344","4.243336e-02","2.308220e-02","2.688749e-01","1.727212e-01","1.531296e-01","1.653239e-02","1.820583e-09","3.232264e-01"
"mel225","3.675807e-02","2.259709e-02","2.357492e-01","1.232224e-01","1.283115e-01","1.540128e-02","1.444567e-09","4.379605e-01"
"mel140","6.624160e-02","3.099166e-02","2.778914e-01","1.307717e-01","2.334176e-01","1.269176e-02","3.512652e-10","2.479943e-01"
"mel118","2.928022e-06","2.785221e-02","1.650308e-01","9.207141e-09","1.741026e-01","1.208255e-02","2.631160e-09","6.209289e-01"
"mel328","1.015134e-02","1.987581e-02","2.898526e-01","8.786848e-02","1.557234e-01","1.902584e-02","6.973480e-10","4.175025e-01"
"mel466","4.696532e-02","2.639770e-02","2.874090e-01","2.492925e-01","1.635714e-01","1.799974e-02","9.903899e-11","2.083643e-01"
"mel020","1.507066e-04","2.682454e-02","1.420083e-01","2.808387e-08","1.461279e-01","1.268964e-02","2.544612e-09","6.721988e-01"
"mel364","5.639237e-02","2.082593e-02","2.122196e-01","1.367731e-01","1.485943e-01","1.564891e-02","9.464197e-10","4.095458e-01"
"mel056","9.366543e-02","2.220153e-02","3.287924e-01","9.353202e-02","1.714276e-01","1.533582e-02","3.821974e-10","2.750452e-01"
"mel034","3.123778e-10","1.835777e-02","1.028227e-02","3.337144e-07","1.467448e-01","4.809930e-03","3.717436e-06","8.198011e-01"
"mel238","4.470523e-07","2.098844e-02","1.600197e-01","1.207899e-09","1.287448e-01","9.986634e-03","5.506908e-07","6.802594e-01"
"mel294","7.734598e-02","2.497309e-02","2.713601e-01","1.658494e-01","1.697916e-01","1.569672e-02","3.207587e-10","2.749831e-01"
"mel451","3.027776e-02","2.965838e-02","2.495924e-01","3.037384e-02","1.615734e-01","1.261925e-02","1.407912e-09","4.859049e-01"
"mel287","1.079178e-08","2.082430e-02","1.966996e-01","1.805913e-08","1.433630e-01","1.291407e-02","1.699520e-04","6.260291e-01"
"mel343","4.981969e-02","2.707398e-02","2.634178e-01","2.287706e-01","1.577830e-01","2.005792e-02","1.125298e-09","2.530770e-01"
"mel320","1.481232e-09","2.664878e-02","1.682747e-01","8.501645e-02","1.245475e-01","1.132551e-02","1.276129e-08","5.841871e-01"
"mel395","1.347479e-01","1.994699e-02","4.119184e-01","1.202731e-01","1.533877e-01","1.342868e-02","5.644563e-10","1.462972e-01"
"mel378","5.951113e-02","2.424586e-02","2.899166e-01","1.892835e-01","1.287014e-01","1.650053e-02","7.044544e-10","2.918410e-01"
"mel252","8.044774e-02","1.257655e-02","2.021995e-01","7.373365e-02","1.339914e-01","1.498977e-02","9.026488e-10","4.820614e-01"
"mel336","4.830459e-02","1.682868e-02","2.495471e-01","4.041974e-02","1.226551e-01","1.762192e-02","4.280216e-10","5.046229e-01"
"mel301","9.305012e-10","2.321076e-02","3.137384e-02","5.628611e-09","1.303504e-01","2.906934e-03","3.928956e-05","8.121187e-01"
"mel457","5.727041e-02","1.928438e-02","2.643284e-01","4.308352e-02","9.858414e-02","1.043859e-02","3.039259e-10","5.070106e-01"
"mel093","6.012134e-09","2.602637e-02","5.379812e-02","2.736396e-08","1.193637e-01","9.379475e-03","3.434681e-06","7.914289e-01"
"mel254","2.143973e-02","2.669964e-02","2.296423e-01","8.861827e-02","1.451749e-01","1.170530e-02","1.571655e-12","4.767198e-01"
"mel074","5.800830e-08","2.470541e-02","2.488488e-01","9.123289e-02","1.228751e-01","1.659452e-02","1.336257e-09","4.957432e-01"
"mel065","8.397470e-02","2.455780e-02","3.221634e-01","8.507805e-02","1.366719e-01","1.341667e-02","2.822982e-10","3.341375e-01"
"mel029","1.013205e-07","2.335182e-02","1.604956e-01","1.025076e-01","1.579928e-01","1.413357e-02","1.221431e-09","5.415185e-01"
"mel069","1.229538e-08","2.289576e-02","5.198779e-02","1.225242e-07","1.096720e-01","6.722897e-03","4.199115e-05","8.086795e-01"
"mel411","1.122105e-02","2.141747e-02","2.113516e-01","1.116982e-01","1.324597e-01","1.376024e-02","1.544355e-09","4.980918e-01"
"mel277","7.746345e-02","2.941771e-02","2.755045e-01","1.401639e-01","1.885971e-01","1.304515e-02","3.648680e-10","2.758083e-01"
"mel300","2.542742e-02","2.029141e-02","2.175804e-01","2.987163e-04","1.351859e-01","1.165558e-02","1.590585e-10","5.895606e-01"
"mel376","8.864212e-02","1.823019e-02","3.585511e-01","1.636951e-01","1.362096e-01","1.515329e-02","4.170882e-10","2.195186e-01"
"mel005","9.130555e-03","2.936208e-02","2.747878e-01","8.297123e-02","2.060390e-01","1.286657e-02","3.083994e-10","3.848428e-01"
"mel107","1.662712e-09","3.170539e-02","1.534363e-01","1.465099e-07","2.054367e-01","1.153476e-02","1.016613e-04","5.977850e-01"
"mel283","4.017446e-02","2.072452e-02","2.582405e-01","2.070994e-01","1.100152e-01","1.777439e-02","1.644604e-10","3.459716e-01"
"mel417","1.506924e-09","1.711768e-02","8.745147e-02","4.975735e-08","1.171225e-01","6.562908e-03","3.155453e-09","7.717453e-01"
"mel297","1.465322e-10","2.224307e-02","5.850031e-03","2.047003e-08","1.622770e-01","6.226455e-03","4.441213e-06","8.033990e-01"
"mel326","6.477984e-02","2.154434e-02","2.431059e-01","8.039318e-02","1.164239e-01","1.298906e-02","1.070527e-09","4.607637e-01"
"mel040","7.590182e-09","1.871958e-02","1.059185e-01","2.590096e-02","1.275432e-01","7.776000e-03","9.917006e-11","7.141418e-01"
"mel382","7.883553e-03","2.188441e-02","2.004802e-01","1.549900e-02","1.306688e-01","1.259011e-02","1.546028e-11","6.109939e-01"
"mel275","2.318490e-08","1.873049e-02","9.732023e-02","2.191070e-05","1.537720e-01","1.041209e-02","1.234338e-04","7.196198e-01"
"mel396","5.992600e-02","1.222415e-02","2.538336e-01","1.511487e-01","1.004323e-01","1.644144e-02","3.742361e-07","4.059935e-01"
"mel325","5.687656e-02","2.433609e-02","2.071882e-01","1.484849e-01","1.277131e-01","1.613466e-02","7.708342e-10","4.192665e-01"
"mel409","9.036117e-02","2.608647e-02","2.611651e-01","7.871609e-02","1.630636e-01","1.408366e-02","1.315191e-09","3.665239e-01"
"mel103","3.869457e-02","2.375946e-02","2.535943e-01","8.911581e-02","1.182182e-01","1.334899e-02","1.885112e-10","4.632686e-01"
"mel208","1.427377e-08","2.476318e-02","1.926249e-01","2.228593e-08","1.338361e-01","1.230166e-02","6.211529e-06","6.364679e-01"
"mel273","7.252652e-10","2.607080e-02","1.796078e-01","4.623731e-02","1.065768e-01","1.359636e-02","2.947399e-04","6.276161e-01"
"mel163","5.268798e-09","2.132657e-02","1.067644e-01","2.030069e-02","1.656442e-01","7.178577e-03","2.257013e-08","6.787856e-01"
"mel039","5.210117e-02","2.355159e-02","2.695416e-01","2.338413e-01","1.337882e-01","1.985737e-02","1.233104e-09","2.673187e-01"
"mel210","6.905578e-06","1.324747e-02","1.410905e-01","8.682387e-08","1.010136e-01","1.081020e-02","1.762315e-10","7.338312e-01"
"mel171","1.231152e-09","1.710218e-02","8.969075e-02","6.608530e-06","7.094247e-02","1.171237e-02","3.292819e-04","8.102163e-01"
"mel175","2.313291e-09","2.793166e-02","1.027393e-01","1.864307e-05","1.428428e-01","8.889480e-03","3.225641e-06","7.175749e-01"
"mel319","4.942481e-02","1.650172e-02","2.178241e-01","1.290859e-01","1.213104e-01","1.557602e-02","1.080181e-10","4.502770e-01"
"mel157","5.558867e-02","1.832005e-02","2.915642e-01","1.559221e-01","1.320365e-01","1.596296e-02","1.449148e-09","3.306054e-01"
"mel008","2.496793e-08","2.612195e-02","1.221214e-01","5.348129e-07","1.637069e-01","1.193979e-02","3.533768e-10","6.761094e-01"
"mel046","7.192494e-02","2.828492e-02","3.214508e-01","3.236960e-02","2.183446e-01","1.439829e-02","3.458630e-10","3.132269e-01"
"mel427","3.499756e-02","2.563763e-02","2.914718e-01","8.296841e-02","1.725398e-01","1.605865e-02","8.459451e-10","3.763261e-01"
"mel036","2.529933e-02","2.259372e-02","2.314936e-01","6.595586e-02","1.541843e-01","1.362335e-02","3.872971e-11","4.868498e-01"
"mel122","8.903877e-05","3.008695e-02","2.551837e-01","1.819315e-02","1.935559e-01","1.647542e-02","2.308027e-08","4.864158e-01"
"mel213","4.891056e-02","2.835283e-02","2.912346e-01","1.098886e-01","1.739837e-01","1.655521e-02","3.218940e-10","3.310745e-01"
"mel182","1.958463e-05","2.819044e-02","2.053696e-01","5.179014e-02","1.560503e-01","1.268444e-02","6.995452e-10","5.458956e-01"
"mel076","7.219881e-10","1.824917e-02","1.482806e-01","2.325517e-07","1.347352e-01","1.580836e-02","2.985467e-05","6.828966e-01"
"mel310","3.701240e-08","1.746889e-02","1.250517e-01","4.805787e-08","1.475446e-01","1.083863e-02","1.041050e-09","6.990961e-01"
"mel097","1.069456e-01","2.058208e-02","3.636565e-01","1.526586e-01","1.289456e-01","1.564537e-02","3.877534e-11","2.115661e-01"
"mel412","1.216753e-08","2.484241e-02","2.084267e-01","5.476332e-02","1.611620e-01","9.788450e-03","4.179838e-09","5.410172e-01"
"mel164","0.0926671175","0.0416676769","0.3137246069","0.2190148236","0.2463866891","0.0230150331","0.0000682829","0.0634557699"
"mel397","6.946890e-03","1.914532e-02","1.724075e-01","4.630217e-02","1.088894e-01","1.150602e-02","5.613160e-10","6.348027e-01"
"mel186","2.582352e-11","2.472010e-02","1.698339e-01","3.209071e-08","1.386043e-01","1.507482e-02","2.059996e-04","6.515609e-01"
"mel180","6.078091e-02","2.152565e-02","3.074107e-01","2.355130e-01","1.434600e-01","1.793654e-02","7.046135e-09","2.133731e-01"
"mel032","7.539862e-02","1.956642e-02","1.981773e-01","1.032147e-01","1.403601e-01","1.445269e-02","4.624761e-10","4.488302e-01"
"mel324","2.668252e-02","2.277660e-02","1.663622e-01","8.806792e-02","1.370285e-01","1.316968e-02","6.595430e-10","5.459126e-01"
"mel116","1.229854e-11","2.293659e-02","2.245593e-01","2.901296e-02","1.458356e-01","1.375783e-02","2.540728e-10","5.638977e-01"
"mel058","3.709885e-06","1.790541e-02","1.608519e-01","3.498123e-08","1.520604e-01","9.830919e-03","8.874557e-11","6.593476e-01"
"mel421","2.777005e-09","2.014334e-02","8.885307e-02","3.093932e-02","1.402998e-01","1.000149e-02","3.928666e-05","7.097237e-01"
"mel143","7.839203e-09","1.441340e-02","1.445089e-02","1.661684e-06","1.899964e-01","6.142602e-03","1.205499e-03","7.737896e-01"
"mel268","1.559696e-09","2.733717e-02","2.043995e-01","2.304459e-02","1.833601e-01","1.272388e-02","2.191509e-08","5.491347e-01"
"mel264","3.526194e-02","2.582458e-02","2.229533e-01","2.843308e-02","1.068260e-01","8.442941e-03","1.726940e-07","5.722579e-01"
"mel166","5.961000e-09","2.009613e-02","1.867626e-01","5.831903e-02","1.419980e-01","1.223923e-02","9.961397e-09","5.805850e-01"
"mel144","3.158459e-09","2.581444e-02","2.119273e-01","1.709010e-07","1.721232e-01","1.317653e-02","2.917168e-06","5.769555e-01"
"mel146","7.651715e-03","2.095293e-02","2.044893e-01","4.057613e-02","1.315338e-01","1.307908e-02","2.221287e-10","5.817171e-01"
"mel408","2.801044e-07","2.449261e-02","1.985498e-01","2.257367e-02","1.372457e-01","1.201229e-02","5.102808e-07","6.051251e-01"
"mel429","2.740660e-02","2.378192e-02","2.674551e-01","9.566647e-02","1.896794e-01","1.039977e-02","1.763029e-10","3.856107e-01"
"mel172","6.113246e-03","2.264731e-02","2.263011e-01","7.399244e-02","1.523071e-01","1.051946e-02","1.362720e-10","5.081194e-01"
"mel013","1.099680e-08","1.945608e-02","2.505560e-01","2.079399e-05","1.266701e-01","1.455679e-02","6.873206e-06","5.887334e-01"
"mel096","2.334518e-08","2.875633e-02","1.902589e-01","4.250954e-02","1.358882e-01","1.229259e-02","1.614550e-06","5.902927e-01"
"mel262","9.235670e-03","2.213139e-02","6.187105e-02","6.692981e-08","1.762768e-01","1.100346e-02","3.415419e-04","7.191400e-01"
"mel251","1.792668e-08","2.081768e-02","1.384280e-01","1.276889e-06","7.233324e-02","9.121286e-03","4.794113e-10","7.592985e-01"
"mel183","1.176203e-09","1.644454e-02","9.759148e-02","5.566061e-02","8.102837e-02","8.967022e-03","8.928614e-09","7.403080e-01"
"mel204","9.612690e-12","2.491296e-02","1.876286e-01","1.846497e-08","1.168527e-01","1.357628e-02","5.714233e-07","6.570288e-01"
"mel188","1.283945e-10","2.899943e-02","2.050261e-01","2.061006e-02","1.410312e-01","1.224952e-02","3.242695e-05","5.920513e-01"
"mel248","2.540247e-02","1.905732e-02","1.517513e-01","9.466320e-02","9.485478e-02","1.116152e-02","3.037764e-09","6.031094e-01"
"mel154","6.824783e-11","2.174968e-02","1.610738e-01","9.134699e-08","1.395726e-01","1.149943e-02","4.655932e-07","6.661039e-01"
"mel133","5.509992e-02","2.253888e-02","2.490002e-01","6.591166e-02","1.597094e-01","9.726392e-03","2.980745e-10","4.380135e-01"
"mel106","1.147212e-09","2.490189e-02","1.394742e-01","4.725297e-07","1.077727e-01","7.506705e-03","1.266802e-07","7.203439e-01"
"mel413","1.393806e-08","2.321560e-02","2.024598e-01","2.117260e-02","9.205979e-02","9.897241e-03","3.039796e-05","6.511646e-01"
"mel181","5.418197e-02","1.866635e-02","2.490180e-01","1.343474e-01","1.078780e-01","1.640847e-02","6.678548e-10","4.194998e-01"
"mel420","4.054408e-02","2.504142e-02","1.491064e-01","1.329143e-01","1.329922e-01","1.103730e-02","1.201133e-10","5.083643e-01"
"mel407","5.728541e-10","2.125760e-02","1.640033e-01","1.298632e-07","1.477741e-01","7.884758e-03","1.519876e-04","6.589281e-01"
"mel339","8.750976e-02","2.642879e-02","2.602246e-01","1.330353e-01","1.201514e-01","1.269503e-02","4.276648e-11","3.599551e-01"
"mel414","2.626133e-02","1.944396e-02","9.231927e-02","6.717984e-02","1.369684e-01","1.147039e-02","8.850490e-09","6.463568e-01"
"mel442","0.0214078647","0.0218577027","0.2757247822","0.1331227432","0.1646852527","0.0144035085","0.0006443213","0.3681538248"
"mel214","2.950668e-08","2.732115e-02","1.313024e-01","5.822627e-02","1.385653e-01","1.287683e-02","1.730003e-09","6.317080e-01"
"mel121","1.775390e-02","2.197182e-02","2.270466e-01","8.997613e-02","1.229360e-01","1.023572e-02","3.612254e-08","5.100798e-01"
"mel434","1.512416e-08","1.747232e-02","1.803831e-01","1.976826e-02","4.116593e-02","9.174961e-03","2.115025e-04","7.318239e-01"
"mel114","2.327629e-03","1.775960e-02","2.186448e-01","2.302818e-02","1.059222e-01","9.223150e-03","2.311770e-09","6.230945e-01"
"mel368","3.611334e-02","2.386329e-02","2.431897e-01","1.686168e-01","1.258137e-01","1.610148e-02","1.539315e-08","3.863017e-01"
"mel145","2.624824e-02","2.527629e-02","2.416581e-01","5.706170e-02","1.796480e-01","1.107958e-02","3.684771e-09","4.590281e-01"
"mel017","1.676333e-02","2.886864e-02","2.463595e-01","6.385234e-07","2.114797e-01","1.239483e-02","6.987948e-09","4.841333e-01"
"mel038","1.167329e-08","2.160970e-02","5.666057e-02","9.904034e-08","1.148044e-01","3.869292e-03","2.925235e-04","8.027634e-01"
"mel315","4.496710e-02","2.532616e-02","2.269531e-01","3.287325e-07","1.744998e-01","8.853866e-03","2.045957e-09","5.193996e-01"
"mel222","1.746256e-07","2.346142e-02","1.483142e-01","8.273220e-03","1.553326e-01","7.367800e-03","1.632428e-10","6.572506e-01"
"mel288","1.646508e-08","2.929832e-02","1.346178e-01","4.698271e-06","2.149537e-01","1.155141e-02","2.061903e-06","6.095720e-01"
"mel049","6.846977e-02","2.047306e-02","2.827789e-01","4.344851e-02","1.868068e-01","1.181143e-02","1.148215e-09","3.862115e-01"
"mel220","6.677163e-02","2.038509e-02","2.356229e-01","1.122189e-01","1.051251e-01","1.083856e-02","2.405309e-10","4.490379e-01"
"mel415","5.109337e-02","1.982414e-02","2.564246e-01","1.080222e-01","1.161472e-01","1.048178e-02","4.109492e-11","4.380066e-01"
"mel185","5.761624e-09","2.001582e-02","2.057483e-01","3.052721e-07","1.220320e-01","1.064079e-02","4.757234e-04","6.410871e-01"
"mel261","4.346594e-05","2.181172e-02","1.292915e-01","3.612951e-08","1.248157e-01","1.261886e-02","3.622094e-10","7.114187e-01"
"mel021","1.369422e-01","1.766301e-02","4.063572e-01","2.414529e-01","1.815124e-01","1.424199e-02","2.587906e-05","1.804308e-03"
"mel028","1.052604e-01","2.171726e-02","3.557349e-01","1.260915e-01","2.239869e-01","1.369612e-02","6.514812e-11","1.535129e-01"
"mel130","5.339325e-06","2.187302e-02","1.948561e-01","8.104709e-09","1.118077e-01","7.170855e-03","4.333249e-10","6.642870e-01"
"mel235","3.107150e-10","2.129267e-02","9.598242e-02","5.662191e-05","1.342758e-01","9.804563e-03","4.212032e-04","7.381667e-01"
"mel082","2.556273e-08","1.744012e-02","2.086528e-01","1.394954e-01","9.943596e-02","1.194241e-02","1.947948e-10","5.230332e-01"
"mel091","5.006341e-02","2.423269e-02","2.362463e-01","8.678992e-02","1.366950e-01","1.646976e-02","8.235658e-10","4.495029e-01"
"mel329","1.074169e-09","2.570077e-02","1.442593e-01","3.581361e-08","1.220866e-01","8.477378e-03","6.606869e-08","6.994759e-01"
"mel410","1.259119e-09","2.352972e-02","1.842189e-01","1.385215e-01","1.531991e-01","1.251317e-02","5.985240e-07","4.880170e-01"
"mel250","5.464592e-02","1.605779e-02","2.581090e-01","1.462928e-01","1.158327e-01","1.545160e-02","1.066286e-09","3.936102e-01"
"mel351","6.329263e-06","2.487095e-02","2.100943e-01","5.380535e-02","1.176845e-01","1.503550e-02","3.969554e-10","5.785031e-01"
"mel416","4.050380e-08","1.997213e-02","1.938734e-01","1.506048e-07","1.364640e-01","1.257368e-02","5.966125e-09","6.371166e-01"
"mel014","2.386295e-09","2.778218e-02","1.290614e-01","3.045714e-10","1.431194e-01","9.268296e-03","1.389965e-06","6.907673e-01"
"mel247","1.853721e-06","1.965161e-02","2.102303e-01","1.650250e-08","1.280072e-01","8.454303e-03","2.746129e-09","6.336547e-01"
"mel011","1.027453e-08","2.882826e-02","1.862413e-01","2.950971e-07","1.557636e-01","1.335794e-02","4.985647e-10","6.158085e-01"
"mel314","6.924885e-02","1.491658e-02","2.668010e-01","1.421448e-01","1.096546e-01","1.535298e-02","4.074853e-10","3.818812e-01"
"mel440","9.336433e-09","3.061602e-02","2.113387e-01","5.590232e-02","2.067324e-01","1.530047e-02","1.289251e-08","4.801101e-01"
"mel359","9.108106e-02","2.471486e-02","3.026087e-01","8.794775e-02","2.123061e-01","1.337208e-02","5.283893e-09","2.679694e-01"
"mel068","3.162101e-02","2.090927e-02","2.180234e-01","9.169690e-02","1.339275e-01","1.216825e-02","2.982891e-10","4.916536e-01"
"mel126","1.934020e-08","1.845057e-02","1.594692e-02","3.302560e-07","1.277279e-01","5.548192e-03","4.955695e-09","8.323261e-01"
"mel221","3.492415e-02","2.611759e-02","2.016860e-01","9.240908e-02","1.612478e-01","1.345714e-02","5.955125e-11","4.701583e-01"
"mel459","8.410968e-11","9.004080e-03","5.961841e-02","1.339211e-08","8.483874e-02","1.090416e-02","1.441609e-09","8.356346e-01"
"mel439","4.098186e-02","1.961216e-02","1.979479e-01","9.749614e-02","1.499415e-01","1.458617e-02","1.215827e-10","4.794342e-01"
"mel084","3.504238e-06","2.256732e-02","1.480518e-01","4.975923e-07","1.355379e-01","7.257692e-03","2.235798e-09","6.865813e-01"
"mel026","1.818324e-02","2.829997e-02","1.894381e-01","6.136484e-02","1.605051e-01","1.212920e-02","6.403730e-10","5.300796e-01"
"mel353","8.288891e-05","2.993812e-02","8.289195e-02","1.400184e-08","1.567015e-01","1.140030e-02","1.372077e-10","7.189852e-01"
"mel159","2.097611e-08","1.943245e-02","1.390643e-01","5.804793e-06","1.299177e-01","1.402343e-02","1.431420e-06","6.975548e-01"
"mel199","2.600082e-02","3.052470e-02","2.077473e-01","1.908160e-07","2.026763e-01","1.255238e-02","6.044214e-10","5.204984e-01"
"mel253","7.075995e-07","2.178253e-02","1.540934e-01","8.499592e-09","1.261254e-01","1.022357e-02","9.964127e-07","6.877734e-01"
"mel123","2.378215e-08","1.370917e-02","5.435836e-02","1.414536e-06","1.262048e-01","1.015203e-02","1.054221e-05","7.955636e-01"
"mel168","1.549454e-02","2.073489e-02","2.411228e-01","5.551123e-02","1.397471e-01","1.023438e-02","9.697998e-10","5.171550e-01"
"mel108","7.004994e-02","2.282827e-02","2.346681e-01","4.785496e-02","1.442436e-01","1.118453e-02","1.011287e-08","4.691706e-01"
"mel110","9.611641e-03","1.702932e-02","2.106900e-02","7.113147e-09","8.323812e-02","1.073888e-03","1.332104e-10","8.679780e-01"
"mel078","6.644731e-02","1.602736e-02","2.761773e-01","1.156415e-01","1.237927e-01","1.122603e-02","5.575402e-09","3.906877e-01"
"mel200","2.733537e-02","2.414253e-02","2.671435e-01","1.841450e-01","1.619562e-01","1.761300e-02","4.128026e-10","3.176643e-01"
"mel079","1.916263e-03","2.197251e-02","1.738468e-01","1.210915e-07","1.389479e-01","9.438163e-03","1.078028e-08","6.538782e-01"
"mel203","5.195362e-03","2.439513e-02","2.003033e-01","1.176717e-07","1.609902e-01","1.019908e-02","4.470034e-11","5.989167e-01"
"mel360","8.062609e-03","3.254587e-02","2.522342e-01","7.842437e-02","1.706915e-01","1.336413e-02","1.487929e-09","4.446773e-01"
"mel333","3.905299e-03","2.925937e-02","7.909444e-02","2.720374e-09","1.654982e-01","1.083381e-02","1.236818e-09","7.114089e-01"
"mel115","6.434682e-09","3.137727e-02","1.765399e-01","8.474647e-08","1.892383e-01","9.257580e-03","1.053816e-03","5.925331e-01"
"mel303","4.288007e-02","2.342068e-02","2.632631e-01","7.659453e-02","1.594773e-01","1.652353e-02","7.915535e-10","4.178409e-01"
"mel371","6.464512e-02","3.617311e-02","3.280656e-01","1.070992e-01","2.336227e-01","1.566207e-02","5.343497e-10","2.147323e-01"
"mel255","8.390030e-02","2.772305e-02","2.797068e-01","1.204132e-01","2.054468e-01","1.527930e-02","2.811669e-10","2.675305e-01"
"mel392","7.524602e-02","1.711610e-02","2.832711e-01","6.609606e-02","1.245573e-01","1.265071e-02","1.287134e-10","4.210627e-01"
"mel135","1.350510e-02","2.653300e-02","2.178226e-01","1.246150e-06","1.648718e-01","1.228507e-02","1.272985e-10","5.649812e-01"
"mel282","7.264067e-02","1.656462e-02","2.572070e-01","1.417278e-01","1.051402e-01","1.387516e-02","2.386795e-09","3.928445e-01"
"mel249","8.669492e-03","2.410738e-02","1.927411e-01","2.689533e-02","1.349942e-01","1.068504e-02","1.224320e-11","6.019075e-01"
"mel318","4.203032e-02","2.339416e-02","2.512383e-01","1.374135e-01","9.262221e-02","1.519345e-02","4.069289e-10","4.381081e-01"
"mel435","2.020601e-02","3.286144e-02","3.329228e-01","9.001088e-08","2.124962e-01","1.630724e-02","9.918734e-11","3.852063e-01"
"mel405","6.172996e-02","3.160884e-02","2.513667e-01","1.574216e-01","2.004596e-01","1.664278e-02","8.624175e-10","2.807705e-01"
"mel127","5.470141e-02","2.791917e-02","2.713833e-01","1.731306e-01","1.282709e-01","1.661232e-02","1.003741e-09","3.279823e-01"
"mel101","6.385843e-02","2.050092e-02","2.252599e-01","1.363320e-01","1.328695e-01","1.399797e-02","1.103189e-09","4.071813e-01"
"mel137","7.906244e-03","1.959347e-02","2.141709e-01","1.256523e-01","1.582207e-01","1.833810e-02","8.668504e-11","4.561183e-01"
"mel085","1.342154e-01","2.119294e-02","4.274752e-01","1.582061e-01","2.048443e-01","1.389485e-02","1.887946e-10","4.017124e-02"
"mel129","9.890700e-02","2.068352e-02","3.222597e-01","1.287544e-01","1.597000e-01","1.076523e-02","4.068167e-08","2.589301e-01"
"mel379","1.912550e-06","2.271074e-02","1.620669e-01","6.650908e-02","1.623477e-01","1.330986e-02","3.866924e-09","5.730538e-01"
"mel073","1.978516e-02","2.552927e-02","2.144023e-01","7.212112e-03","1.635656e-01","1.185207e-02","1.870507e-10","5.576535e-01"
"mel452","3.614768e-10","2.099500e-02","1.650310e-01","1.126903e-06","1.513608e-01","1.074811e-02","1.270638e-06","6.518626e-01"
"mel317","2.390062e-03","2.812807e-02","2.363233e-01","2.114552e-02","1.688808e-01","1.365337e-02","1.272717e-10","5.294788e-01"
"mel099","1.059467e-09","2.577039e-02","3.270764e-02","1.215118e-05","1.213747e-01","4.625265e-03","3.724847e-06","8.155061e-01"
"mel119","4.938024e-03","2.353624e-02","2.369816e-01","5.140140e-02","1.641713e-01","1.090765e-02","1.334116e-09","5.080638e-01"
"mel156","1.001841e-01","2.054755e-02","3.574680e-01","9.602669e-02","1.862367e-01","1.306473e-02","3.851280e-10","2.264722e-01"
"mel274","2.930981e-02","9.773668e-03","2.303038e-01","1.640318e-01","8.885956e-02","1.395486e-02","2.959388e-09","4.637666e-01"
"mel113","1.510850e-09","2.124151e-02","2.586580e-01","1.111549e-01","1.510295e-01","1.665090e-02","1.229559e-09","4.412652e-01"
"mel372","1.046895e-03","1.330112e-02","2.716767e-01","8.879694e-03","1.242703e-01","1.789365e-02","2.655514e-10","5.629316e-01"
"mel431","7.915194e-02","1.806671e-02","3.165086e-01","7.387936e-02","1.545929e-01","1.002856e-02","6.321050e-10","3.477719e-01"
"mel361","6.611261e-02","2.611638e-02","2.947619e-01","2.358342e-01","1.502888e-01","1.838968e-02","7.577454e-10","2.084964e-01"
"mel322","3.569078e-02","2.502611e-02","3.124714e-01","1.475929e-01","1.426204e-01","1.662501e-02","8.810980e-10","3.199735e-01"
"mel263","6.225929e-02","2.478094e-02","2.621132e-01","5.896922e-02","1.338538e-01","1.316867e-02","1.638557e-08","4.448548e-01"
"mel003","8.820742e-02","2.659056e-02","3.876589e-01","1.987352e-01","1.976600e-01","1.494856e-02","1.998165e-11","8.619936e-02"
"mel337","2.751346e-02","1.760881e-02","2.429300e-01","5.331017e-02","1.174228e-01","1.761145e-02","2.796493e-10","5.236032e-01"
"mel006","9.740836e-02","2.542267e-02","3.451701e-01","1.376881e-01","1.973648e-01","1.373055e-02","2.764150e-10","1.832154e-01"
"mel258","8.271462e-02","1.648623e-02","2.712605e-01","1.078801e-01","1.458536e-01","1.360490e-02","8.833255e-10","3.622001e-01"
"mel109","1.129102e-07","2.380804e-02","2.439793e-01","9.588873e-02","1.403661e-01","1.726444e-02","2.983305e-10","4.786933e-01"
"mel236","8.746869e-02","2.244793e-02","2.909409e-01","1.707144e-01","1.698992e-01","1.482328e-02","2.871697e-10","2.437056e-01"
"mel404","2.628519e-02","2.222655e-02","2.394093e-01","1.443396e-01","1.220530e-01","1.776995e-02","7.235874e-10","4.279164e-01"
"mel276","4.389349e-02","1.430267e-02","2.674508e-01","1.186189e-01","1.146541e-01","1.575246e-02","5.311877e-08","4.253274e-01"
"mel045","2.354313e-02","1.546049e-02","2.339689e-01","9.340478e-07","1.501773e-01","1.314562e-02","1.075589e-09","5.637036e-01"
"mel050","5.045267e-02","1.910994e-02","2.403339e-01","1.338457e-01","1.105204e-01","1.609006e-02","1.550540e-10","4.296474e-01"
"mel394","2.191207e-08","1.769359e-02","1.784921e-01","9.904598e-02","1.424068e-01","1.545166e-02","5.242694e-11","5.469098e-01"
"mel244","7.264459e-03","2.750710e-02","2.213319e-01","2.878776e-02","1.855763e-01","1.120442e-02","3.552066e-11","5.183280e-01"
"mel007","8.987569e-02","2.573674e-02","3.588735e-01","1.516818e-01","1.500251e-01","1.619837e-02","1.152357e-12","2.076088e-01"
"mel385","2.748696e-02","1.160664e-02","1.465961e-01","7.047387e-02","1.041393e-01","1.397376e-02","4.533170e-09","6.257234e-01"
"mel437","1.137632e-02","1.474593e-02","1.717284e-01","2.813641e-02","9.794764e-02","8.319098e-03","5.011631e-11","6.677462e-01"
"mel335","3.108738e-02","3.063436e-02","2.524553e-01","1.376017e-01","1.434295e-01","1.759589e-02","5.270515e-09","3.871959e-01"
"mel128","8.403502e-02","2.112866e-02","2.983269e-01","9.259612e-02","1.430840e-01","1.255775e-02","2.185214e-09","3.482715e-01"
"mel340","1.858924e-02","2.159012e-02","2.662172e-01","1.053950e-02","1.814082e-01","1.985598e-02","2.553755e-10","4.817997e-01"
"mel170","4.180117e-02","1.334031e-02","2.245048e-01","1.015254e-01","9.938390e-02","1.512875e-02","2.416644e-10","5.043157e-01"
"mel023","6.253102e-09","1.380816e-02","1.190543e-02","2.933350e-08","1.111030e-01","7.902235e-03","9.099637e-07","8.552803e-01"
"mel178","4.253123e-02","1.574146e-02","2.270905e-01","1.191321e-01","1.060799e-01","1.586347e-02","6.367026e-08","4.735614e-01"
"mel313","2.018463e-10","2.707000e-02","2.052925e-01","8.976112e-02","1.488047e-01","1.548392e-02","2.882992e-09","5.135878e-01"
"mel207","1.766837e-10","1.981608e-02","1.010561e-01","4.746217e-02","9.425961e-02","9.892847e-03","1.110437e-08","7.275131e-01"
"mel138","1.791251e-02","1.866024e-02","1.782988e-01","2.505621e-07","1.415511e-01","1.174523e-02","4.139322e-10","6.318319e-01"
"mel100","3.142320e-02","3.041016e-02","2.154641e-01","4.118472e-02","1.680423e-01","1.188284e-02","4.516088e-10","5.015926e-01"
"mel352","2.096600e-10","2.961127e-02","2.303159e-01","2.531975e-02","1.234236e-01","1.346096e-02","1.299833e-04","5.777386e-01"
"mel002","4.615041e-02","2.616430e-02","2.241667e-01","1.201719e-01","1.560724e-01","1.458299e-02","2.739297e-10","4.126913e-01"
"mel386","9.043914e-10","2.010047e-02","1.354385e-01","5.969379e-02","1.077626e-01","9.529093e-03","9.425352e-08","6.674754e-01"
"mel331","1.329724e-09","1.299027e-02","6.395377e-02","1.649814e-08","7.863008e-02","6.926387e-03","1.785566e-04","8.373209e-01"
"mel406","3.930259e-02","2.654871e-02","2.459720e-01","1.221687e-01","7.316161e-02","1.386314e-02","1.006889e-07","4.789832e-01"
"mel030","1.484092e-05","2.810406e-02","2.736447e-01","1.257858e-07","1.555868e-01","1.631620e-02","5.012078e-10","5.263332e-01"
"mel179","1.049261e-01","1.786443e-02","3.676861e-01","1.474457e-01","1.541355e-01","1.627023e-02","2.224400e-08","1.916720e-01"
"mel139","6.866692e-02","2.987632e-02","2.634736e-01","1.879928e-01","1.887529e-01","1.582745e-02","3.391169e-10","2.454100e-01"
"mel272","8.811856e-02","2.711767e-02","3.238810e-01","1.765165e-01","1.926738e-01","1.773589e-02","1.430031e-09","1.739565e-01"
"mel311","2.219692e-09","1.862843e-02","2.848072e-01","8.566953e-03","1.169525e-01","1.604232e-02","5.439722e-07","5.550020e-01"
"mel070","2.258972e-02","2.784078e-02","2.518636e-01","1.387767e-01","1.716415e-01","1.373053e-02","4.985788e-10","3.735571e-01"
"mel173","1.095981e-02","2.385183e-02","2.854562e-01","1.292182e-08","1.391097e-01","9.832133e-03","1.767710e-08","5.307902e-01"
"mel387","2.712013e-05","2.379652e-02","2.492019e-01","1.242248e-01","1.319357e-01","1.926692e-02","1.016147e-09","4.515470e-01"
"mel001","9.968988e-02","2.129476e-02","3.183081e-01","1.492258e-01","1.666160e-01","1.558782e-02","1.107700e-09","2.292776e-01"
"mel390","2.999463e-02","2.978857e-02","3.292691e-01","1.564333e-01","2.151616e-01","1.781256e-02","1.736759e-09","2.215402e-01"
"mel033","3.606458e-07","2.621212e-02","1.765079e-01","5.225111e-08","1.462221e-01","1.108441e-02","2.338951e-09","6.399731e-01"
"mel323","3.516176e-02","2.991383e-02","2.352629e-01","7.337864e-02","1.753228e-01","1.429172e-02","1.682514e-10","4.366684e-01"
"mel290","1.551236e-02","2.406882e-02","2.271523e-01","1.827545e-06","1.284900e-01","1.200158e-02","1.328264e-09","5.927732e-01"
"mel151","7.221855e-11","2.990954e-02","1.935933e-01","2.148715e-02","1.763439e-01","1.561253e-02","1.546171e-07","5.630533e-01"
"mel193","5.047460e-09","2.351511e-02","2.214288e-01","4.282893e-02","1.349276e-01","1.103594e-02","1.450225e-06","5.662622e-01"
"mel430","1.880537e-09","2.868705e-02","2.464777e-01","1.495051e-01","1.452409e-01","1.547337e-02","8.660790e-07","4.146151e-01"
"mel455","6.098680e-02","3.223936e-02","2.645202e-01","1.207097e-01","2.014459e-01","2.152780e-02","1.722042e-09","2.985702e-01"
"mel449","6.606863e-09","2.743165e-02","5.445341e-02","1.068026e-08","1.071759e-01","6.684506e-03","8.677064e-07","8.042537e-01"
"mel465","1.110200e-02","2.157117e-02","2.795434e-01","2.270011e-02","1.761666e-01","1.612114e-02","4.464256e-09","4.727956e-01"
"mel345","1.273248e-01","2.196455e-02","4.355709e-01","1.150725e-01","1.896143e-01","1.393739e-02","3.087276e-10","9.651565e-02"
"mel469","3.639259e-04","2.562649e-02","2.665740e-01","1.196180e-01","1.632056e-01","1.532887e-02","4.740601e-09","4.092832e-01"
"mel467","1.654762e-06","2.799599e-02","2.231305e-01","1.628293e-02","1.852100e-01","1.724890e-02","6.329115e-10","5.301301e-01"
"mel460","6.164373e-03","2.080234e-02","1.284223e-01","6.156450e-02","1.002861e-01","1.358493e-02","2.904184e-11","6.691754e-01"
"mel042","4.258510e-08","1.143904e-02","3.294286e-02","1.593567e-08","1.615356e-01","5.309793e-03","5.452793e-04","7.882273e-01"
"mel027","6.709012e-02","2.750535e-02","2.293050e-01","1.221100e-01","1.345207e-01","1.312693e-02","3.113896e-09","4.063418e-01"
"mel456","6.573080e-02","1.363703e-02","2.146617e-01","1.260015e-01","1.531190e-01","1.232271e-02","2.282147e-10","4.145272e-01"
"mel468","3.923549e-03","2.317187e-02","2.958952e-01","1.666157e-01","1.074045e-01","1.579472e-02","3.723689e-11","3.871944e-01"
"mel462","3.145198e-02","2.499006e-02","2.766804e-01","2.056344e-01","1.718613e-01","1.629050e-02","2.873819e-11","2.730914e-01"
"mel059","5.515160e-02","2.731646e-02","2.427970e-01","3.265980e-08","1.374346e-01","1.574980e-02","8.183038e-10","5.215505e-01"
"mel087","1.225996e-02","1.831668e-02","1.544341e-01","7.601803e-02","1.460849e-01","1.121928e-02","2.445070e-08","5.816670e-01"
"mel120","5.981023e-10","2.594508e-02","1.730253e-01","2.835060e-02","1.300202e-01","1.459808e-02","5.146924e-04","6.275460e-01"
"mel019","1.019852e-02","1.897048e-02","1.839597e-01","1.259313e-08","1.408514e-01","1.132184e-02","2.120444e-09","6.346980e-01"
"mel334","4.583802e-02","2.237972e-02","2.687946e-01","1.572857e-01","1.806716e-01","1.797487e-02","2.579439e-09","3.070554e-01"
"mel190","2.710891e-10","2.257083e-02","2.059100e-01","1.406226e-09","1.650208e-01","1.333242e-02","1.827704e-06","5.931641e-01"
"mel426","5.093651e-03","2.288739e-02","2.093846e-01","9.810303e-02","1.018772e-01","1.337513e-02","9.698757e-10","5.492789e-01"
"mel196","2.548397e-02","1.789445e-02","2.000868e-01","1.181850e-01","9.744654e-02","1.282152e-02","7.554391e-10","5.280816e-01"
"mel009","8.851477e-03","2.252576e-02","3.075227e-01","1.916417e-01","1.017090e-01","1.805710e-02","2.210761e-09","3.496923e-01"
"mel174","4.611703e-06","3.260006e-02","2.419743e-01","1.924815e-02","1.765026e-01","1.287561e-02","2.111211e-09","5.167947e-01"
"mel389","1.920999e-05","2.367756e-02","1.377750e-01","2.166532e-08","9.991925e-02","9.997696e-03","3.600239e-10","7.286113e-01"
"mel246","1.151789e-07","2.428140e-02","2.405844e-01","1.073020e-01","1.378369e-01","1.562446e-02","3.480463e-10","4.743707e-01"
"mel219","6.573825e-02","1.910736e-02","2.804139e-01","1.515958e-01","1.255936e-01","1.507093e-02","9.255688e-11","3.424802e-01"
"mel309","1.072444e-09","2.002557e-02","9.410316e-02","5.327858e-06","9.927975e-02","1.215566e-02","2.928470e-06","7.744276e-01"
"mel285","3.045728e-02","3.146010e-02","3.132844e-01","7.902114e-02","1.777979e-01","1.703501e-02","6.673452e-10","3.509442e-01"
"mel292","8.048886e-02","2.319860e-02","3.122901e-01","2.521564e-01","9.862896e-02","1.966663e-02","4.703616e-11","2.135705e-01"
"mel232","2.458053e-02","1.527968e-02","1.720194e-01","7.432004e-02","1.302572e-01","1.290479e-02","1.434215e-09","5.706383e-01"
"mel307","1.471512e-02","1.810498e-02","1.433996e-01","5.040846e-08","1.766387e-01","1.040604e-02","9.717115e-09","6.367355e-01"
"mel098","8.591816e-02","2.210021e-02","4.076257e-01","1.107101e-01","1.659555e-01","1.532441e-02","6.118583e-10","1.923658e-01"
"mel067","3.734776e-02","2.129507e-02","2.281426e-01","8.527986e-03","1.530702e-01","1.040973e-02","3.593127e-10","5.412067e-01"
"mel400","3.812533e-03","2.855658e-02","1.838386e-01","3.779256e-04","1.732073e-01","1.596306e-02","5.113290e-11","5.942439e-01"
"mel187","5.300358e-09","3.258250e-02","8.066334e-02","7.280874e-08","1.936029e-01","1.065430e-02","1.057219e-05","6.824863e-01"
"mel024","2.887374e-02","1.890972e-02","2.449380e-01","1.418240e-01","1.582349e-01","1.525235e-02","6.520882e-10","3.919673e-01"
"mel083","1.861642e-09","2.517333e-02","2.060058e-01","6.108034e-08","1.406252e-01","9.076639e-03","5.864749e-06","6.191131e-01"
"mel155","9.569021e-02","2.455687e-02","3.713023e-01","1.021008e-01","1.673933e-01","1.377539e-02","4.908710e-10","2.251811e-01"
"mel286","3.091911e-03","3.068752e-02","2.176372e-01","6.904523e-03","2.052044e-01","1.404442e-02","8.008745e-10","5.224300e-01"
"mel316","3.457798e-02","2.238895e-02","1.983339e-01","5.725029e-02","1.379946e-01","1.159226e-02","8.245344e-10","5.378620e-01"
"mel423","6.308651e-03","2.900799e-02","2.725226e-01","2.766040e-02","1.931072e-01","1.452098e-02","6.051492e-10","4.568722e-01"
"mel209","1.004360e-06","2.532763e-02","2.110207e-01","1.297166e-07","1.092497e-01","1.155510e-02","4.733675e-03","6.381121e-01"
"mel446","2.355473e-04","2.739783e-02","1.228875e-01","2.690901e-07","1.368912e-01","9.286814e-03","9.371394e-10","7.033009e-01"
"mel086","1.714688e-05","3.095114e-02","1.323417e-01","1.757086e-02","1.889462e-01","1.047047e-02","5.240806e-11","6.197025e-01"
"mel195","1.096843e-03","1.605252e-02","1.085208e-01","4.849770e-08","1.137466e-01","9.441703e-03","2.274856e-09","7.511415e-01"
"mel090","5.887766e-02","2.688070e-02","2.852921e-01","1.003991e-01","1.719028e-01","1.591089e-02","2.783137e-07","3.407365e-01"
"mel445","1.571283e-02","1.837403e-02","1.790096e-01","5.784355e-02","1.219860e-01","1.164312e-02","1.481736e-09","5.954308e-01"
"mel296","1.121640e-09","2.331312e-02","8.750189e-02","1.025504e-07","1.244078e-01","7.092513e-03","1.772583e-06","7.576828e-01"
"mel094","2.082548e-10","2.667811e-02","2.065746e-01","1.244000e-01","1.543369e-01","1.607717e-02","5.960287e-05","4.718737e-01"
"mel233","1.147761e-09","1.791656e-02","1.754205e-01","7.931682e-09","9.964518e-02","1.007359e-02","6.286867e-10","6.969442e-01"
"mel349","5.508188e-02","2.479135e-02","3.006707e-01","7.267459e-02","1.934307e-01","1.378364e-02","4.209163e-09","3.395672e-01"
"mel095","7.231780e-09","2.589276e-02","2.244214e-01","4.357341e-02","1.506968e-01","9.138455e-03","1.819316e-10","5.462772e-01"
"mel463","5.045436e-08","2.959644e-02","2.642795e-01","9.166431e-08","1.542482e-01","1.435456e-02","5.783705e-08","5.375211e-01"
"mel043","6.264509e-02","2.294605e-02","3.040039e-01","1.223827e-01","1.509213e-01","1.474850e-02","1.026969e-09","3.223524e-01"
"mel041","1.001832e-06","1.993877e-02","2.858321e-02","2.722600e-09","1.812276e-01","1.560753e-02","4.722056e-09","7.546419e-01"
"mel081","8.626935e-02","1.958935e-02","2.679480e-01","1.321291e-01","1.123087e-01","1.502125e-02","4.059277e-10","3.667342e-01"
"mel453","5.586281e-08","2.221547e-02","5.254394e-02","2.469733e-08","1.844848e-01","9.174153e-03","4.212738e-09","7.315815e-01"
"mel061","3.345352e-09","1.832608e-02","1.299090e-01","1.812751e-06","1.223430e-01","7.206393e-03","4.124054e-09","7.222137e-01"
"mel470","2.309377e-09","1.826736e-02","5.207047e-02","5.356345e-09","1.201818e-01","6.130273e-03","1.296376e-05","8.033371e-01"
"mel388","6.767616e-03","2.107321e-02","1.884961e-01","1.415564e-07","1.480542e-01","1.595464e-02","1.572650e-11","6.196541e-01"
"mel454","6.346783e-10","3.035465e-02","1.955891e-01","8.949143e-02","2.018068e-01","1.434792e-02","7.327760e-09","4.684101e-01"
"mel167","2.693224e-09","2.528877e-02","8.583634e-02","1.242490e-06","1.509491e-01","1.043218e-02","1.473397e-06","7.274909e-01"
"mel312","8.760085e-02","2.321037e-02","3.745771e-01","1.409881e-01","2.468647e-01","1.235830e-02","1.176520e-10","1.144006e-01"
"mel293","1.498574e-06","1.771466e-02","1.281686e-01","6.650090e-07","1.710141e-01","9.236761e-03","1.534501e-06","6.738622e-01"
"mel419","1.502577e-05","2.710226e-02","1.007198e-01","3.545861e-07","1.548619e-01","8.184967e-03","5.896909e-10","7.091157e-01"
"mel111","1.458601e-08","2.613775e-02","2.090079e-01","4.004655e-02","1.519715e-01","9.205316e-03","8.354110e-10","5.636310e-01"
"mel365","2.317606e-02","2.792230e-02","1.551459e-01","8.089249e-02","1.916046e-01","1.225095e-02","8.764092e-09","5.090077e-01"
"mel391","1.363239e-02","1.484452e-02","1.629696e-01","2.960890e-02","1.064974e-01","8.901469e-03","2.203373e-10","6.635457e-01"
"mel088","5.882852e-02","2.818001e-02","2.677613e-01","1.805148e-02","1.617815e-01","1.039471e-02","3.964396e-10","4.550025e-01"
"mel295","6.148666e-02","2.233632e-02","2.337762e-01","7.277623e-02","1.367855e-01","1.222785e-02","6.523411e-09","4.606113e-01"
"mel234","3.293066e-03","1.797264e-02","1.800415e-01","4.926263e-08","1.140770e-01","9.782931e-03","4.098581e-08","6.748328e-01"
"mel241","1.072117e-01","2.003867e-02","3.756194e-01","1.104180e-01","1.463166e-01","1.222858e-02","3.298944e-10","2.281671e-01"
"mel269","4.201111e-09","2.327218e-02","1.502893e-01","2.191633e-07","1.602819e-01","9.594937e-03","4.999477e-08","6.565614e-01"
"mel231","2.287636e-06","3.132323e-02","3.003109e-01","6.713568e-02","1.789973e-01","1.866360e-02","1.745509e-09","4.035670e-01"
"mel211","8.059818e-02","1.804843e-02","3.236278e-01","1.972698e-01","1.313140e-01","1.897501e-02","6.012306e-10","2.301668e-01"
"mel291","3.133774e-02","2.117114e-02","2.534314e-01","9.831516e-02","1.652152e-01","1.340569e-02","7.895471e-10","4.171236e-01"
"mel384","1.011400e-01","2.543381e-02","3.413998e-01","9.494737e-02","1.387071e-01","1.625387e-02","1.034878e-09","2.821180e-01"
"mel102","2.604052e-07","1.780339e-02","8.989647e-02","6.088784e-08","8.563518e-02","1.412747e-02","1.830132e-12","7.925372e-01"
"mel071","2.550083e-08","3.039826e-02","2.688370e-01","2.565837e-02","1.600012e-01","1.211608e-02","5.591750e-10","5.029891e-01"
"mel284","1.228694e-02","2.536909e-02","1.421971e-01","1.317664e-01","1.510463e-01","1.338035e-02","4.011976e-10","5.239539e-01"
"mel051","8.871470e-10","1.984534e-02","6.354609e-02","4.089202e-08","1.030746e-01","1.060145e-02","5.858894e-08","8.029324e-01"
"mel358","2.042008e-09","2.664006e-02","3.099123e-01","1.791247e-02","1.547568e-01","1.985721e-02","2.250232e-06","4.709189e-01"
"mel205","5.722582e-02","2.595277e-02","2.931942e-01","1.428949e-01","1.281556e-01","1.989444e-02","2.836226e-10","3.326823e-01"
"mel176","5.069459e-02","1.943133e-02","2.466917e-01","5.874873e-03","1.158617e-01","1.077101e-02","3.082133e-09","5.506748e-01"
"mel161","4.430083e-09","1.444628e-02","1.646664e-01","1.230928e-07","1.212016e-01","1.258089e-02","4.954952e-09","6.871047e-01"
"mel022","4.076887e-02","1.788868e-02","2.555070e-01","6.595556e-03","1.309959e-01","8.128277e-03","2.880781e-10","5.401156e-01"
"mel278","7.291171e-11","2.096944e-02","2.528512e-01","1.312481e-01","1.147823e-01","1.153518e-02","6.317989e-09","4.686137e-01"
"mel299","1.356886e-03","1.823771e-02","4.948560e-02","1.802453e-08","9.986929e-02","7.524443e-03","6.495025e-06","8.235196e-01"
"mel169","2.493899e-09","2.221211e-02","2.024246e-01","4.422727e-08","1.352740e-01","1.051006e-02","5.611386e-10","6.295792e-01"
"mel053","6.396263e-08","1.551728e-02","2.100367e-07","2.386112e-08","1.503360e-01","3.956401e-03","5.406036e-06","8.301846e-01"
"mel366","1.716410e-02","1.635388e-02","9.300381e-02","3.647591e-02","1.587082e-01","7.691728e-03","1.238020e-09","6.706024e-01"
"mel031","8.593691e-02","2.383495e-02","3.408222e-01","1.331111e-01","1.835063e-01","1.413378e-02","2.749091e-09","2.186547e-01"
"mel464","3.784323e-02","1.928895e-02","3.209757e-01","2.313600e-01","1.136024e-01","1.972484e-02","5.755877e-10","2.572049e-01"
"mel141","2.572756e-08","1.962491e-02","1.398062e-01","9.586802e-07","1.028927e-01","1.663537e-02","1.418004e-08","7.210398e-01"
"mel202","7.587773e-02","2.668034e-02","2.328469e-01","1.347289e-01","1.685686e-01","1.641026e-02","1.697894e-09","3.448873e-01"
"mel064","4.535775e-02","1.934712e-02","1.993212e-01","1.240287e-01","9.204455e-02","1.446048e-02","3.084080e-09","5.054402e-01"
"mel350","5.906630e-02","2.081394e-02","2.242986e-01","9.571182e-02","1.739380e-01","1.672507e-02","1.061215e-10","4.094463e-01"
"mel044","2.252479e-02","2.044961e-02","2.098163e-01","8.246716e-02","1.704248e-01","1.400799e-02","6.400351e-10","4.803094e-01"
"mel401","6.019901e-03","1.758367e-02","1.321605e-01","6.804581e-02","1.665349e-01","1.153408e-02","2.127982e-10","5.981212e-01"
"mel230","1.096617e-02","1.978730e-02","2.304845e-01","1.533565e-01","8.012058e-02","1.432552e-02","5.121638e-09","4.909594e-01"
"mel377","4.357225e-03","2.304515e-02","2.597259e-01","9.731592e-02","1.560576e-01","1.302586e-02","1.126710e-09","4.464724e-01"
"mel150","5.982504e-09","3.239196e-02","2.366029e-01","1.414492e-02","1.773354e-01","1.212517e-02","6.686500e-12","5.273997e-01"
"mel037","2.073694e-09","2.729830e-02","1.175343e-01","8.964282e-08","1.649420e-01","1.156777e-02","1.809416e-06","6.786558e-01"
"mel124","3.263686e-02","2.421117e-02","3.068398e-01","8.869019e-02","1.171390e-01","1.096503e-02","9.471654e-10","4.195179e-01"
"mel393","1.651520e-02","1.540793e-02","1.644472e-01","6.849529e-02","9.147052e-02","1.155087e-02","6.561522e-10","6.321130e-01"
"mel158","4.705608e-06","2.462774e-02","3.152364e-01","3.607021e-02","1.647051e-01","1.583889e-02","4.320168e-10","4.435170e-01"
"mel381","6.005638e-02","1.714884e-02","3.453066e-01","2.432121e-01","1.150302e-01","1.990291e-02","1.538938e-08","1.993429e-01"
"mel327","3.825567e-02","1.614075e-02","1.932914e-01","4.707754e-02","9.274740e-02","7.435052e-03","1.952763e-09","6.050522e-01"
"mel077","1.353628e-02","2.619082e-02","1.930806e-01","2.770366e-02","1.168078e-01","9.253293e-03","3.057690e-09","6.134275e-01"
"mel162","4.447115e-02","2.624418e-02","2.450945e-01","1.391890e-01","1.375590e-01","1.246291e-02","2.974655e-10","3.949793e-01"
"mel224","2.431221e-03","1.724443e-02","1.972032e-01","1.818327e-01","7.673535e-02","1.219918e-02","1.156660e-10","5.123539e-01"
"mel266","1.526915e-07","3.123839e-02","2.067265e-01","8.044732e-02","1.469082e-01","1.222517e-02","5.866180e-07","5.224537e-01"
"mel063","2.625682e-08","1.842651e-02","1.765779e-01","4.249923e-08","1.374713e-01","1.565577e-02","3.220895e-09","6.518685e-01"
"mel201","2.002968e-09","2.364481e-02","7.446371e-02","8.886762e-03","1.668630e-01","7.144531e-03","1.163898e-06","7.189960e-01"
"mel215","2.822423e-02","3.196554e-02","2.161052e-01","1.447383e-01","2.006262e-01","1.475108e-02","5.030808e-10","3.635894e-01"
"mel104","1.913538e-02","1.855636e-02","2.113036e-01","1.002365e-01","1.144779e-01","1.679997e-02","5.054975e-10","5.194902e-01"
"mel369","7.754722e-09","2.352079e-02","1.814047e-02","2.678335e-08","1.449504e-01","8.058120e-03","2.402739e-09","8.053302e-01"
"mel356","6.628192e-02","1.909160e-02","1.758600e-01","1.588039e-02","1.032749e-01","1.127131e-02","6.210972e-10","6.083400e-01"
"mel373","4.763584e-02","1.559326e-02","2.795114e-01","1.201606e-02","1.233307e-01","8.156462e-03","7.392983e-10","5.137563e-01"
"mel332","3.699913e-02","2.159914e-02","2.345538e-01","1.266615e-01","1.251230e-01","1.363628e-02","1.252969e-09","4.414271e-01"
"mel362","1.617922e-02","2.653127e-02","1.842670e-01","1.813244e-07","1.302650e-01","1.275005e-02","5.648148e-10","6.300073e-01"
"mel267","5.877339e-02","3.295614e-02","2.520640e-01","4.995251e-02","1.879102e-01","1.242584e-02","1.438216e-09","4.059178e-01"
"mel177","7.758059e-02","1.806162e-02","3.126900e-01","3.130172e-02","1.319105e-01","1.005023e-02","1.898236e-09","4.184053e-01"
"mel105","1.193905e-02","2.881142e-02","1.917200e-01","1.162478e-01","1.929793e-01","1.525535e-02","4.285123e-11","4.430471e-01"
"mel240","0.035807411","0.029715606","0.268141328","0.198720006","0.194409239","0.022602471","0.001369274","0.249234665"
"mel402","8.447255e-10","2.335998e-02","1.370580e-01","8.765604e-08","1.468083e-01","3.272930e-03","7.936414e-06","6.894928e-01"
"mel237","8.587431e-03","2.101556e-02","2.163668e-01","7.757700e-08","1.123839e-01","9.528580e-03","1.259991e-06","6.321164e-01"
"mel055","2.585977e-08","1.731245e-02","2.671104e-01","9.702492e-02","1.479418e-01","1.615116e-02","3.686017e-09","4.544592e-01"
"mel424","2.104931e-09","2.476628e-02","1.279974e-01","8.196933e-07","1.375875e-01","9.115919e-03","2.085584e-06","7.005300e-01"
"mel257","3.622475e-02","2.709973e-02","2.685851e-01","8.319748e-02","1.903258e-01","1.381458e-02","8.394612e-10","3.807526e-01"
"mel089","6.006346e-02","2.826566e-02","2.132664e-01","5.798106e-02","1.876749e-01","1.551745e-02","1.283505e-09","4.372311e-01"
"mel418","2.570554e-09","1.866773e-02","1.619780e-01","1.198212e-07","7.699933e-02","1.182835e-02","8.341135e-05","7.304431e-01"
"mel441","1.705688e-02","1.899283e-02","1.745574e-01","1.755940e-01","1.056781e-01","1.534223e-02","2.257035e-09","4.927787e-01"
"mel223","4.113784e-08","1.426249e-02","1.246758e-01","2.278342e-08","9.975137e-02","1.146045e-02","3.486525e-08","7.498497e-01"
"mel433","5.492601e-02","2.208858e-02","2.859433e-01","8.121627e-02","1.205009e-01","1.348301e-02","3.898780e-10","4.218420e-01"
"mel057","3.667482e-02","1.445600e-02","2.350936e-01","8.712403e-02","1.423236e-01","1.249368e-02","5.967550e-09","4.718342e-01"
"mel436","0.065778804","0.022370395","0.271443289","0.132437708","0.200738432","0.020127553","0.002523502","0.284580316"
