"","stroma score","immune score","estimate score","tumor purity"
"mel354","-1375.8800960","-1184.4022254","-2560.2823214","    0.9738559"
"mel432","-204.4030124","1197.2439698"," 992.8409574","   0.7311947"
"mel243","-666.1106287"," 328.6320923","-337.4785364","   0.8496636"
"mel321"," -616.3969956","-1382.1431087","-1998.5401042","    0.9518367"
"mel218","-1101.5637294","-1378.8678708","-2480.4316003","    0.9711264"
"mel302"," 354.7384630","1417.3417175","1772.0801805","   0.6485579"
"mel383","-1156.1395352"," -796.5841784","-1952.7237136","    0.9497532"
"mel428"," -894.7969473"," -312.0290747","-1206.8260219","    0.9098644"
"mel375","-204.4997905"," 312.4341515"," 107.9343610","   0.8133955"
"mel227"," -418.5098977"," -633.3219487","-1051.8318464","    0.9001901"
"mel271"," -957.8459538","-1153.6091455","-2111.4550994","    0.9567876"
"mel260"," -10.5889558","-868.2626723","-878.8516280","   0.8888432"
"mel165","-597.5658070"," 163.1225562","-434.4432508","   0.8570829"
"mel092"," -780.964034","-1005.899198","-1786.863232","    0.941852"
"mel265","140.5255233","171.5089433","312.0344665","  0.7956053"
"mel142"," -774.9355265"," -729.4884907","-1504.4240172","    0.9271154"
"mel004","-264.9165108","  47.4558399","-217.4606710","   0.8402422"
"mel342","-1404.2433617","-1033.2072768","-2437.4506384","    0.9696019"
"mel245","-480.478171","-272.533403","-753.011573","   0.880228"
"mel270","-1343.644798"," -947.581883","-2291.226681","    0.964127"
"mel281"," 421.4098075","1775.4569114","2196.8667189","   0.5998668"
"mel374","-1126.4775374","-1194.0746437","-2320.5521810","    0.9652607"
"mel370"," -993.5812749"," -280.2450181","-1273.8262930","    0.9139009"
"mel363","-466.089990"," 438.078886"," -28.011104","   0.824841"
"mel080"," -850.4232608"," -796.2504222","-1646.6736830","    0.9347382"
"mel348"," 211.8184690","1278.4694557","1490.2879246","   0.6794789"
"mel018"," -820.9646975"," -760.2351721","-1581.1998696","    0.9312801"
"mel136"," -897.4228834","-1236.3128785","-2133.7357619","    0.9577335"
"mel054","-532.8594119"," 443.2837226"," -89.5756892","   0.8299164"
"mel194","1228.125405","-416.656860"," 811.468546","   0.749095"
"mel444","-1052.4417183"," -405.5859902","-1458.0277085","    0.9245415"
"mel117"," 810.8425503","1889.3407972","2700.1833475","   0.5391719"
"mel015"," 782.0306519"," 329.5409680","1111.5716198","   0.7191952"
"mel131","-462.0000007","-130.4875468","-592.4875475","   0.8688028"
"mel206"," -857.1965992"," -564.6636573","-1421.8602565","    0.9225053"
"mel147","-183.80303","1582.41876","1398.61573","   0.68929"
"mel425","-691.6961311","  45.5284783","-646.1676528","   0.8726775"
"mel341"," 76.2620299","317.7631701","394.0252000","  0.7882567"
"mel112"," 125.5933576","1931.3422276","2056.9355852","   0.6161733"
"mel226"," 345.2772159","2518.8865089","2864.1637248","   0.5187457"
"mel399"," 771.9523401"," 885.0396661","1656.9920062","   0.6613236"
"mel189","-293.2109047","1951.6512799","1658.4403752","   0.6611641"
"mel212","-250.3865930"," 545.0165174"," 294.6299245","   0.7971504"
"mel060","-76.2362779","783.2216218","706.9853440","  0.7591667"
"mel280","-1220.8232480","-1369.1827298","-2590.0059778","    0.9748377"
"mel012","-151.96803"," 782.95995"," 630.99192","   0.76638"
"mel025"," -896.8315867"," -639.8008083","-1536.6323950","    0.9288769"
"mel338","-137.2116387","1539.7014252","1402.4897865","   0.6888779"
"mel228","-78.1929462","124.3327197"," 46.1397736","  0.8186385"
"mel304","250.0408114","539.2621114","789.3029229","  0.7512465"
"mel344","-290.9602415","1511.0479631","1220.0877216","   0.7080369"
"mel225"," 66.0765967","679.4106974","745.4872940","  0.7554759"
"mel140","1193.0032583","1292.1698401","2485.1730984","   0.5654795"
"mel118"," -404.1639434","-1004.7887982","-1408.9527416","    0.9217724"
"mel328","-157.4389889"," 808.7030614"," 651.2640724","   0.7644651"
"mel466"," 681.5992364","2916.2908030","3597.8900394","   0.4238398"
"mel020","-129.018541","-552.802333","-681.820874","   0.875221"
"mel364","147.7762733","787.9833401","935.7596134","  0.7368847"
"mel056"," 231.7815852","1301.5503600","1533.3319452","   0.6748296"
"mel034","-1490.2897561","-1473.4091477","-2963.6989038","    0.9855931"
"mel238"," -652.4459231"," -922.6977055","-1575.1436286","    0.9309558"
"mel294"," 110.1051740","1632.8055251","1742.9106990","   0.6518111"
"mel451"," 98.2009522","-64.2238045"," 33.9771477","  0.8196625"
"mel287"," -607.3419148"," -759.2427858","-1366.5847007","    0.9193432"
"mel343","1071.6324705","2751.5044577","3823.1369282","   0.3936667"
"mel320","-149.4468363","-501.9609322","-651.4077685","   0.8730528"
"mel395"," -29.6599751","2665.9479958","2636.2880207","   0.5470471"
"mel378","  77.7683465","1486.8452385","1564.6135850","   0.6714339"
"mel252","-802.0290012"," 338.8501925","-463.1788087","   0.8592483"
"mel336","-242.9424395"," 702.0586917"," 459.1162522","   0.7823414"
"mel301"," -876.0971939","-1945.6490837","-2821.7462776","    0.9818552"
"mel457"," -946.5748456","  -76.9170441","-1023.4918898","    0.8983707"
"mel093","-1015.6755385"," -854.3183591","-1869.9938976","    0.9458822"
"mel254"," -23.2717974","-116.1157007","-139.3874982","   0.8339733"
"mel074","-374.9788152"," 438.1540232","  63.1752080","   0.8171998"
"mel065"," 78.492837","918.278524","996.771360","  0.730801"
"mel029"," 36.8363561","284.1498031","320.9861592","  0.7948086"
"mel069","-1299.7210001","-1219.3570395","-2519.0780396","    0.9724641"
"mel411","-399.8266868"," -25.6483922","-425.4750791","   0.8564039"
"mel277"," 772.0293485","1532.2084801","2304.2378287","   0.5871825"
"mel300","-1010.5354736"," -401.0111190","-1411.5465926","    0.9219199"
"mel376","-288.1115992","2206.2018379","1918.0902388","   0.6320965"
"mel005"," 823.7467497"," 542.0975540","1365.8443037","   0.6927671"
"mel107"," 117.733890","-335.806775","-218.072885","   0.840291"
"mel283","-259.2724095","1844.7638200","1585.4914106","   0.6691597"
"mel417","-1608.1150433","-1298.8831091","-2906.9981524","    0.9841513"
"mel297","-1271.6333928","-1565.6129839","-2837.2463767","    0.9822841"
"mel326","-536.1507798","  65.7589028","-470.3918770","   0.8597894"
"mel040","-1311.5875883","-1057.0203620","-2368.6079503","    0.9670798"
"mel382"," -631.6925999"," -719.6557168","-1351.3483167","    0.9184609"
"mel275","-1086.1943370"," -783.0587452","-1869.2530822","    0.9458469"
"mel396","-894.5317310","1269.4344690"," 374.9027380","   0.7899808"
"mel325","-252.4717332","1186.1299506"," 933.6582175","   0.7370932"
"mel409"," 92.5589444","647.7926972","740.3516416","  0.7559696"
"mel103","-163.5044947"," 148.3419883"," -15.1625064","   0.8237732"
"mel208"," -310.9947935"," -791.9275413","-1102.9223348","    0.9034308"
"mel273"," -635.2199113"," -492.5353080","-1127.7552193","    0.9049876"
"mel163"," -741.9770902"," -969.2592681","-1711.2363583","    0.9380638"
"mel039","  63.9023519","2172.4312767","2236.3336287","   0.5952215"
"mel210","-1327.7108575"," -828.3929333","-2156.1037908","    0.9586728"
"mel171","-1316.379877"," -841.356997","-2157.736874","    0.958741"
"mel175"," -582.6558914"," -964.1487642","-1546.8046556","    0.9294289"
"mel319","-588.033573","1059.357994"," 471.324421","   0.781224"
"mel157","-272.8259267"," 999.6462663"," 726.8203396","   0.7572683"
"mel008","-161.5540377","-749.3525971","-910.9066348","   0.8909894"
"mel046","-250.0364895"," 680.3434714"," 430.3069819","   0.7849684"
"mel427"," 280.7747671"," 733.9013102","1014.6760773","   0.7290045"
"mel036","-320.0505551","-300.8987208","-620.9492758","   0.8708639"
"mel122"," 707.5473960"," 872.6040863","1580.1514823","   0.6697419"
"mel213"," 493.1016399","1374.1824107","1867.2840506","   0.6378578"
"mel182"," 261.2326360","-281.1461391"," -19.9135031","   0.8241684"
"mel076","-520.3403918","-197.0818462","-717.4222380","   0.8777369"
"mel310","-1362.0159498"," -768.6920474","-2130.7079972","    0.9576056"
"mel097"," 375.7389642","2802.5508823","3178.2898466","   0.4787874"
"mel412","-362.1446258","-325.7531293","-687.8977551","   0.8756521"
"mel164","1748.6830782","2735.4730827","4484.1561609","   0.3027598"
"mel397"," -762.5877837"," -732.6459464","-1495.2337301","    0.9266089"
"mel186"," -765.8013292"," -520.0302115","-1285.8315407","    0.9146148"
"mel180"," 137.1841576","2231.0942505","2368.2784081","   0.5795475"
"mel032","-583.0832947"," 485.0595559"," -98.0237389","   0.8306076"
"mel324","-1074.9587034"," -425.2765447","-1500.2352480","    0.9268848"
"mel116","-412.677899","-142.867781","-555.545680","   0.866105"
"mel058","-1245.9183624"," -746.9774352","-1992.8957976","    0.9515823"
"mel421","-1148.4972652"," -649.1913629","-1797.6886281","    0.9423848"
"mel143","-1440.2576370"," -899.3771396","-2339.6347767","    0.9659888"
"mel268","-281.3887483","-349.9972765","-631.3860248","   0.8716159"
"mel264"," -650.8462093"," -588.9173632","-1239.7635725","    0.9118598"
"mel166","-338.8280484","-344.0711409","-682.8991893","   0.8752976"
"mel144","  73.8516861","-126.6949442"," -52.8432581","   0.8268963"
"mel146","-648.4307417","-172.6779172","-821.1086589","   0.8849275"
"mel408","-522.1401083","-368.3935557","-890.5336640","   0.8896276"
"mel429"," 469.1076465"," 806.6618681","1275.7695146","   0.7022414"
"mel172","-246.1464301"," -62.0672762","-308.2137063","   0.8473905"
"mel013","-640.7720636","  65.4601154","-575.3119481","   0.8675517"
"mel096"," -82.7172586","-447.6433491","-530.3606077","   0.8642512"
"mel262"," -980.2384475"," -635.3329411","-1615.5713886","    0.9331062"
"mel251","-1202.8642729"," -906.9010708","-2109.7653437","    0.9567154"
"mel183","-1427.2815727"," -881.4846724","-2308.7662451","    0.9648072"
"mel204"," -529.975088"," -585.639330","-1115.614418","    0.904228"
"mel188","-399.494676","-515.414818","-914.909494","   0.891256"
"mel248","-1241.4873031"," -504.4380875","-1745.9253905","    0.9398158"
"mel154","-1159.7051298"," -881.6866675","-2041.3917974","    0.9537464"
"mel133","-249.1141873"," 103.6161601","-145.4980272","   0.8344679"
"mel106","-1189.1914200"," -886.1519311","-2075.3433511","    0.9552327"
"mel413"," -859.7571361"," -680.2467330","-1540.0038692","    0.9290601"
"mel181","-505.0162663","1105.6789419"," 600.6626756","   0.7692323"
"mel420","-354.9309088","-186.8132880","-541.7441969","   0.8650906"
"mel407","-1250.6391182"," -841.0183504","-2091.6574685","    0.9559385"
"mel339"," 213.8044166","1179.9789492","1393.7833658","   0.6898037"
"mel414"," -874.6711991"," -239.8348899","-1114.5060890","    0.9041585"
"mel442","-155.7351901","1393.1809147","1237.4457246","   0.7062353"
"mel214"," -550.0909299"," -581.6531914","-1131.7441213","    0.9052365"
"mel121","-336.9228839","-115.2661494","-452.1890333","   0.8584219"
"mel434","-1465.7777311"," -605.7169733","-2071.4947044","    0.9550654"
"mel114"," -738.2201078"," -750.9448921","-1489.1650000","    0.9262736"
"mel368"," 111.9417228","1313.5965513","1425.5382740","   0.6864215"
"mel145","-425.2840282","  60.1822777","-365.1017505","   0.8517948"
"mel017","539.7955033"," -2.0497651","537.7457382","  0.7751006"
"mel038","-1331.3196210","-1080.7651807","-2412.0848017","    0.9686841"
"mel315"," -715.08905"," -881.86405","-1596.95311","    0.93212"
"mel222"," -871.8380541"," -944.7941367","-1816.6321908","    0.9433114"
"mel288","-298.724114","-479.148943","-777.873057","   0.881954"
"mel049","-734.8690069","-252.1824385","-987.0514454","   0.8960083"
"mel220","-954.0740656"," 356.2360289","-597.8380367","   0.8691915"
"mel415","-811.7820828"," 398.4304977","-413.3515851","   0.8554838"
"mel185"," -910.6430692"," -322.7451718","-1233.3882410","    0.9114752"
"mel261"," -516.4237937"," -729.6456104","-1246.0694040","    0.9122394"
"mel021"," 507.1752891","3136.5256669","3643.7009560","   0.4177397"
"mel028"," 148.9893974","1821.8483728","1970.8377702","   0.6260778"
"mel130","-1177.666995"," -780.807574","-1958.474569","    0.950017"
"mel235"," -974.569344"," -943.893470","-1918.462813","    0.948167"
"mel082","-904.1083905"," 301.0829429","-603.0254477","   0.8695677"
"mel091","-472.7429340"," 333.9338022","-138.8091319","   0.8339265"
"mel329","-1047.2384286","-1255.5075045","-2302.7459332","    0.9645745"
"mel410","-538.0094312"," 317.2932412","-220.7161900","   0.8405013"
"mel250","-923.8849866","1072.8108753"," 148.9258886","   0.8098806"
"mel351","-580.7778219"," 116.2536330","-464.5241889","   0.8593493"
"mel416","-1110.148133"," -537.440669","-1647.588802","    0.934786"
"mel014"," -547.7682501","-1017.2059994","-1564.9742494","    0.9304097"
"mel247","-1054.5748304","-1396.7741203","-2451.3489507","    0.9700991"
"mel011"," -625.439333"," -746.063975","-1371.503308","    0.919627"
"mel314","-656.4262013"," 960.0392321"," 303.6130308","   0.7963536"
"mel440"," 44.2292876","357.4950485","401.7243361","  0.7875608"
"mel359","-128.6433978","1151.9161555","1023.2727577","   0.7281401"
"mel068","-836.505187","  93.873304","-742.631883","   0.879504"
"mel126","-1542.3507889","-1437.5521592","-2979.9029481","    0.9859926"
"mel221","360.6285355","134.2150712","494.8436067","  0.7790642"
"mel459","-1547.2444016"," -880.1363989","-2427.3808005","    0.9692392"
"mel439","-452.95575"," 293.31608","-159.63967","   0.83561"
"mel084"," -998.7559288","-1417.6457971","-2416.4017260","    0.9688413"
"mel026"," -72.5799153","-217.0021688","-289.5820840","   0.8459352"
"mel353","  -43.9818783","-1328.4298111","-1372.4116894","    0.9196794"
"mel159"," -895.2885220"," -371.4216692","-1266.7101912","    0.9134764"
"mel199"," 400.0941345","-377.7563900","  22.3377445","   0.8206401"
"mel253"," -949.5182527"," -938.6256744","-1888.1439271","    0.9467434"
"mel123","-1242.6737744"," -925.8959179","-2168.5696923","    0.9591918"
"mel168","-136.2086305"," -65.1406780","-201.3493085","   0.8389576"
"mel108","-623.8581213","  35.9785707","-587.8795506","   0.8684677"
"mel110","-1718.2861269","-1323.4022679","-3041.6883948","    0.9874647"
"mel078","-976.1602988"," 251.8390973","-724.3212015","   0.8782217"
"mel200"," 196.1016839","1577.9717962","1774.0734801","   0.6483352"
"mel079","-1118.9977435"," -989.2915886","-2108.2893321","    0.9566523"
"mel203"," -450.9454489","-1133.9303308","-1584.8757797","    0.9314765"
"mel360","-25.7986260","-24.8512423","-50.6498682","  0.8267152"
"mel333"," -780.1028536"," -956.0647147","-1736.1675683","    0.9393254"
"mel115","  385.5312943","-1132.2181968"," -746.6869025","    0.8797871"
"mel303","-258.3310721"," 731.6989595"," 473.3678874","   0.7810367"
"mel371","1658.2802299","1161.4724330","2819.7526629","   0.5243079"
"mel255"," 772.3159027","1242.8784743","2015.1943771","   0.6209875"
"mel392","-988.1161479","  85.1848814","-902.9312665","   0.8904572"
"mel135"," -196.9026694"," -898.4423822","-1095.3450516","    0.9029533"
"mel282","-770.7395372"," 802.2166845","  31.4771473","   0.8198727"
"mel249"," -733.9685445"," -823.5705334","-1557.5390780","    0.9300092"
"mel318"," 75.1142117","812.3587041","887.4729158","  0.7416578"
"mel435"," 925.7900205"," 276.0924443","1201.8824648","   0.7099215"
"mel405","1252.6156511","1665.1604251","2917.7760762","   0.5120017"
"mel127"," 801.6633119","1832.7382287","2634.4015406","   0.5472789"
"mel101","-526.2176151"," 647.2124431"," 120.9948280","   0.8122788"
"mel137","-360.4042649"," 778.1269833"," 417.7227184","   0.7861114"
"mel085"," 484.5171154","2927.0989818","3411.6160972","   0.4484438"
"mel129","-375.1433912","1569.1800696","1194.0366784","   0.7107321"
"mel379"," -893.1658711"," -767.5916095","-1660.7574805","    0.9354709"
"mel073","-202.0311567","-744.3737520","-946.4049088","   0.8933431"
"mel452"," -788.6870108"," -952.0545951","-1740.7416059","    0.9395555"
"mel317","482.8455883","118.5072027","601.3527911","  0.7691676"
"mel099","-1042.9078634","-1343.2823558","-2386.1902192","    0.9677333"
"mel119","-325.7544209","-182.2888378","-508.0432587","   0.8625985"
"mel156","-310.3260303","1389.0766824","1078.7506521","   0.7225342"
"mel274","-1033.6019838","  703.1077382"," -330.4942455","    0.8491225"
"mel113","-657.5361260"," 451.8125234","-205.7236026","   0.8393068"
"mel372","-746.2708104"," 286.0957685","-460.1750419","   0.8590226"
"mel431","-158.1120287"," 144.1113734"," -14.0006553","   0.8236765"
"mel361"," 956.5165860","2452.0426309","3408.5592169","   0.4488448"
"mel322"," 426.7217527","1556.9579065","1983.6796592","   0.6246068"
"mel263","-692.3848171","-251.3555803","-943.7403974","   0.8931672"
"mel003"," 971.0122019","2522.0460793","3493.0582812","   0.4377267"
"mel337"," -861.5865107"," -204.4766578","-1066.0631685","    0.9010979"
"mel006"," 659.498997","1875.164754","2534.663751","   0.559473"
"mel258","-468.7282024","1040.2913900"," 571.5631876","   0.7719546"
"mel109","182.0218202","646.8976704","828.9194906","  0.7473956"
"mel236"," -33.9168563","1631.7322719","1597.8154156","   0.6678142"
"mel404","-53.0515344","712.6246898","659.5731555","  0.7636782"
"mel276","-533.8980445"," 292.2487028","-241.6493416","   0.8421621"
"mel045"," -711.3401725"," -445.4337212","-1156.7738937","    0.9067916"
"mel050","-516.9717865"," 736.3211120"," 219.3493255","   0.8037736"
"mel394","-368.1567299"," 428.2164290","  60.0596991","   0.8174633"
"mel244","-215.0162655","-152.2694277","-367.2856931","   0.8519627"
"mel007"," 400.003058","2044.709030","2444.712089","   0.570368"
"mel385","-540.5054992","-315.7150148","-856.2205140","   0.8873161"
"mel437","-1387.3100253"," -607.3640348","-1994.6740601","    0.9516625"
"mel335"," 390.4582465","1374.4764011","1764.9346477","   0.6493559"
"mel128","-524.9121845"," 758.5930185"," 233.6808340","   0.8025203"
"mel340"," 227.6439686"," 896.8776960","1124.5216646","   0.7178731"
"mel170","-1011.8463528","  461.5196922"," -550.3266606","    0.8657218"
"mel023","-1448.4761831","-1093.3413942","-2541.8175772","    0.9732366"
"mel178","-731.0716242"," 478.6656785","-252.4059457","   0.8430125"
"mel313","-187.3804760"," 480.9184793"," 293.5380033","   0.7972472"
"mel207","-1071.9266702","-1200.9343612","-2272.8610314","    0.9634079"
"mel138"," -492.7011152"," -940.9791986","-1433.6803137","    0.9231736"
"mel100","318.233663","-67.553917","250.679746","  0.801029"
"mel352","-518.3575049","-398.0568844","-916.4143893","   0.8913561"
"mel002","-13.1043423","502.0006308","488.8962885","  0.7796112"
"mel386","-1244.3459179","-1035.3281354","-2279.6740534","    0.9636755"
"mel331","-1335.7988212","-1450.1202145","-2785.9190358","    0.9808443"
"mel406"," 23.8081987","392.8331175","416.6413163","  0.7862095"
"mel030","354.8321309","260.5415151","615.3736460","  0.7678507"
"mel179"," 192.978325","2105.598578","2298.576903","   0.587855"
"mel139","1351.4189957","2068.6540485","3420.0730442","   0.4473339"
"mel272"," 764.1107583","2474.9249299","3239.0356881","   0.4709402"
"mel311","-1064.0215280"," -424.7665256","-1488.7880537","    0.9262528"
"mel070"," 431.0255558"," 779.6301105","1210.6556664","   0.7090139"
"mel173"," -597.4691462"," -456.6658391","-1054.1349853","    0.9003373"
"mel387"," 216.7736042","1291.5226979","1508.2963022","   0.6775371"
"mel001","-300.255576","1615.703116","1315.447540","   0.698083"
"mel390","1594.8753669","2375.8264768","3970.7018437","   0.3736641"
"mel033","-254.5438295","-612.9209137","-867.4647432","   0.8880761"
"mel323","1019.7768329"," 470.8221633","1490.5989962","   0.6794454"
"mel290","-383.47906","-555.61081","-939.08986","   0.89286"
"mel151"," 175.1546082","-452.3832831","-277.2286749","   0.8449668"
"mel193","-763.3427295","-223.4750587","-986.8177881","   0.8959931"
"mel430"," 415.5166055"," 924.2614981","1339.7781036","   0.6955213"
"mel455"," 850.3222199","1888.5976031","2738.9198230","   0.5343744"
"mel449"," -770.6062074","-1567.3647487","-2337.9709561","    0.9659256"
"mel465","-264.8379734"," 211.7818602"," -53.0561131","   0.8269138"
"mel345"," 171.5383857","2541.4225704","2712.9609561","   0.5375913"
"mel469","-386.9307417"," 862.1217275"," 475.1909858","   0.7808696"
"mel467"," 677.1102984"," 579.3002535","1256.4105519","   0.7042617"
"mel460","-1001.7466440"," -419.7132209","-1421.4598649","    0.9224826"
"mel042","-1518.1173697","-1058.2828719","-2576.4002416","    0.9743906"
"mel027","334.4956130","369.8320061","704.3276192","  0.7594205"
"mel456"," -993.3911266","  -98.3597587","-1091.7508853","    0.9027265"
"mel468","-132.3135535","1611.7740900","1479.4605365","   0.6806441"
"mel462"," 553.5505098","2090.8533233","2644.4038331","   0.5460495"
"mel059","530.1070557","388.3454473","918.4525030","  0.7385998"
"mel087"," -671.6845442"," -334.4421969","-1006.1267411","    0.8972481"
"mel120","  88.1327745","-539.8333917","-451.7006172","   0.8583852"
"mel019"," -566.7038284"," -740.3159018","-1307.0197302","    0.9158679"
"mel334"," 558.8442409","1844.1719869","2403.0162278","   0.5753845"
"mel190"," -613.1600813"," -843.2513875","-1456.4114687","    0.9244511"
"mel426"," -719.7166607"," -282.6240435","-1002.3407042","    0.8970026"
"mel196","-759.18840"," -22.24303","-781.43143","   0.88220"
"mel009"," 300.5164114","2037.5830553","2338.0994667","   0.5831519"
"mel174","  26.6247201","-849.5954861","-822.9707660","   0.8850548"
"mel389"," -797.1429869","-1011.8099254","-1808.9529123","    0.9429366"
"mel246","-110.5193041"," 873.0047155"," 762.4854114","   0.7538388"
"mel219","-174.8454861","1397.1254135","1222.2799275","   0.7078096"
"mel309","-1166.7784499","-1098.1396647","-2264.9181147","    0.9630947"
"mel285"," 752.5313641","1102.0697523","1854.6011164","   0.6392905"
"mel292"," 624.0857696","2942.6482040","3566.7339736","   0.4279776"
"mel232","-1072.7800367"," -374.9874635","-1447.7675002","    0.9239665"
"mel307","-1108.7496510"," -644.4963780","-1753.2460290","    0.9401824"
"mel098"," 435.9747027","2087.1769431","2523.1516458","   0.5608729"
"mel067"," -761.6311618"," -655.1836796","-1416.8148415","    0.9222192"
"mel400","  17.0660726","-403.7557955","-386.6897229","   0.8534506"
"mel187","  54.993240","-701.768140","-646.774900","   0.872721"
"mel024","-95.6150023","729.8504972","634.2354949","  0.7660741"
"mel083"," -612.679125"," -891.138533","-1503.817659","    0.927082"
"mel155"," 133.4913655","1483.9304843","1617.4218498","   0.6656693"
"mel286","854.8184426","  4.3331480","859.1515906","  0.7444399"
"mel316","-590.5357046","-176.0351074","-766.5708120","   0.8811708"
"mel423"," 695.4773024"," 691.5937586","1387.0710609","   0.6905167"
"mel209","-164.9924291","-644.6972459","-809.6896750","   0.8841456"
"mel446"," -718.4210747","-1285.5689339","-2003.9900086","    0.9520817"
"mel086","  -91.3782851","-1013.7280356","-1105.1063207","    0.9035682"
"mel195","-1282.8674193","-1058.8947984","-2341.7622176","    0.9660695"
"mel090"," 739.4722663","1012.5708686","1752.0431349","   0.6507938"
"mel445"," -883.6933159"," -752.5351057","-1636.2284215","    0.9341923"
"mel296"," -995.9347568","-1487.6777777","-2483.6125345","    0.9712377"
"mel094"," 576.4628307"," 913.5158190","1489.9786497","   0.6795122"
"mel233","-1143.956071"," -920.780676","-2064.736747","    0.954771"
"mel349","289.3283690","110.6561452","399.9845141","  0.7877181"
"mel095","-188.1234796","-513.0870368","-701.2105164","   0.8765942"
"mel463"," 159.5885215","-201.0124754"," -41.4239539","   0.8259525"
"mel043","-193.1986894"," 565.2594436"," 372.0607543","   0.7902366"
"mel041"," -553.8136433"," -998.0446036","-1551.8582469","    0.9297024"
"mel081","-269.6957077"," 873.8588448"," 604.1631370","   0.7689039"
"mel453"," -869.2086098","-1333.5391108","-2202.7477205","    0.9605983"
"mel061","-1291.1897007","-1178.6362950","-2469.8259957","    0.9707538"
"mel470","-1498.3985285","-1164.2528020","-2662.6513305","    0.9771593"
"mel388"," -753.5394820"," -405.9621841","-1159.5016661","    0.9069603"
"mel454","324.4916522","334.4253009","658.9169531","  0.7637404"
"mel167"," -845.0020672"," -881.9170909","-1726.9191582","    0.9388589"
"mel312"," 634.2005216","1766.1309692","2400.3314907","   0.5757068"
"mel293","-1250.4472067"," -804.7482340","-2055.1954407","    0.9543536"
"mel419"," -713.4783174","-1143.6634973","-1857.1418146","    0.9452683"
"mel111","-353.2627001","-466.8910839","-820.1537840","   0.8848622"
"mel365"," -36.4357205","-823.9175824","-860.3533029","   0.8875957"
"mel391","-1378.5523210","-1173.4312916","-2551.9836126","    0.9735784"
"mel088","-275.0312163","-108.4005136","-383.4317298","   0.8532013"
"mel295","-387.5117274","-196.3299993","-583.8417267","   0.8681737"
"mel234","-1007.9143622","-1077.2485465","-2085.1629087","    0.9556582"
"mel241","-177.1276254","1745.2656187","1568.1379933","   0.6710504"
"mel269"," -797.7800129","-1270.6898907","-2068.4699036","    0.9549338"
"mel231","277.341469","363.568085","640.909554","  0.765444"
"mel211"," 120.2326261","2237.0980714","2357.3306974","   0.5808564"
"mel291","-525.3209801"," 113.0998064","-412.2211737","   0.8553978"
"mel384"," 317.9522249","1908.6387862","2226.5910111","   0.5963701"
"mel102","-1099.2597401"," -881.9777208","-1981.2374609","    0.9510549"
"mel071","  49.2724622","-116.7553844"," -67.4829222","   0.8281028"
"mel284","-495.767993"," -56.808081","-552.576074","   0.865887"
"mel051","-1307.6362449","-1159.0568875","-2466.6931324","    0.9706433"
"mel358"," 216.9055757"," 858.7311051","1075.6366808","   0.7228502"
"mel205"," 261.6148882","1626.6151952","1888.2300834","   0.6354868"
"mel176","-1076.3346040"," -678.3550826","-1754.6896866","    0.9402546"
"mel161","-1183.6765413"," -772.1306731","-1955.8072144","    0.9498947"
"mel022","-1301.9197782"," -786.3532362","-2088.2730144","    0.9557925"
"mel278","-346.6022724"," 917.9435843"," 571.3413118","   0.7719753"
"mel299","-1394.5058125","-1188.2235032","-2582.7293158","    0.9745991"
"mel169"," -717.5952413"," -873.6679825","-1591.2632238","    0.9318172"
"mel053","-1764.8594266","-1434.4310962","-3199.2905227","    0.9908517"
"mel366"," -983.6651116"," -902.8239788","-1886.4890904","    0.9466652"
"mel031","  78.8113256","1455.1678353","1533.9791608","   0.6747595"
"mel464"," 113.5219205","2397.0272548","2510.5491754","   0.5624034"
"mel141","-1153.3259997"," -265.9791639","-1419.3051636","    0.9223605"
"mel202"," -60.0329996","1189.4340006","1129.4010011","   0.7173743"
"mel064","-803.0979203"," 571.0054784","-232.0924419","   0.8414048"
"mel350","-128.7994558"," 574.3273353"," 445.5278795","   0.7835822"
"mel044","-567.7216677","-193.7960170","-761.5176847","   0.8808199"
"mel401"," -941.4115883"," -460.1311527","-1401.5427410","    0.9213501"
"mel230","-788.3869505"," 654.1213388","-134.2656117","   0.8335582"
"mel377"," 63.7763283","530.7442258","594.5205541","  0.7698081"
"mel150","1037.8123363","-140.0073201"," 897.8050162","   0.7406396"
"mel037"," -784.0733016"," -888.8234542","-1672.8967559","    0.9360991"
"mel124","-639.1588355","  67.4317712","-571.7270643","   0.8672899"
"mel393","-1510.1240687"," -445.6427656","-1955.7668342","    0.9498929"
"mel158","-160.2683385"," 425.1502184"," 264.8818799","   0.7997793"
"mel381","-234.787519","2468.565096","2233.777577","   0.595523"
"mel327","-1352.4626777"," -750.1203078","-2102.5829856","    0.9564081"
"mel077"," -792.8681284"," -929.1632070","-1722.0313354","    0.9386116"
"mel162","-413.9963975"," 844.4984274"," 430.5020299","   0.7849506"
"mel224","-940.4407180"," 750.9801868","-189.4605311","   0.8380066"
"mel266"," -14.53657","-180.21331","-194.74988","   0.83843"
"mel063"," -678.1518059"," -644.9418737","-1323.0936796","    0.9168127"
"mel201"," -342.4930143","-1439.9514629","-1782.4444772","    0.9416339"
"mel215"," 415.2865838"," 987.7980047","1403.0845885","   0.6888146"
"mel104","-555.4058218"," 427.8251887","-127.5806331","   0.8330157"
"mel369"," -714.6438212","-1436.3678178","-2151.0116391","    0.9584599"
"mel356","-1190.7323962"," -553.0091034","-1743.7414997","    0.9397062"
"mel373","-1203.9279013"," -843.4152893","-2047.3431906","    0.9540087"
"mel332","-572.7614007"," 693.9266139"," 121.1652132","   0.8122642"
"mel362"," -616.3740360"," -509.2029779","-1125.5770139","    0.9048515"
"mel267","754.1782973"," 87.9050711","842.0833685","  0.7461104"
"mel177","-989.153658","  69.357791","-919.795867","   0.891581"
"mel105","397.3146970","449.5651840","846.8798810","  0.7456415"
"mel240"," 468.2309754","2215.6826984","2683.9136738","   0.5411817"
"mel402"," -548.0429931","-1498.6320192","-2046.6750123","    0.9539793"
"mel237","-1126.3703785"," -751.9002151","-1878.2705936","    0.9462758"
"mel055","  35.1403726","1103.7171038","1138.8574764","   0.7164066"
"mel424"," -673.9881249","-1055.7629772","-1729.7511021","    0.9390019"
"mel257","-248.6217383"," 572.3931278"," 323.7713896","   0.7945604"
"mel089"," -1.281503","215.768249","214.486746","  0.804198"
"mel418"," -975.473073","-1379.511077","-2354.984150","    0.966569"
"mel441","-548.697160","1125.151642"," 576.454482","   0.771498"
"mel223","-1294.7459177","-1149.1125322","-2443.8584499","    0.9698316"
"mel433","-453.033442"," 528.530429","  75.496987","   0.816156"
"mel057"," -960.4901662"," -499.6711160","-1460.1612822","    0.9246608"
"mel436","  41.7529812","1788.9361383","1830.6891195","   0.6419856"
