"","Sample_ID","ssGSEA_patient_epi_score","ssGSEA_patient_mes_score","ssGSEA_cell_epi_score","ssGSEA_cell_mes_score","ssGSEA_overlap_epi_score","ssGSEA_overlap_mes_score","SingScore_TotalScore","SingScore_mes_score","SingScore_epi_score"
"1","mel001",0.148290182374656,0.600996743632679,0.21339797194373,0.656498057810734,0.0980917960136906,0.657303613338146,0.25584344115659,0.284306480393529,-0.0284630392369392
"2","mel002",0.201203860695558,0.63053590346704,0.219540619498497,0.735676500733217,0.129705479935567,0.747193563804282,0.255152527699616,0.298531910077481,-0.043379382377865
"3","mel003",0.157131412375631,0.753070547764599,0.239866714740133,0.767311286930915,0.121971394112603,0.811669335810925,0.331199271591147,0.360435323854513,-0.0292360522633663
"4","mel004",0.191001040692971,0.554197587272267,0.221421006342145,0.704658093690408,0.108070380441669,0.693394922193074,0.238353808621591,0.260565739331245,-0.0222119307096545
"5","mel005",0.0665836710129314,0.776327354420769,0.157125954284601,0.899951126345969,0.0212147187079727,0.919446028768821,0.395855135548639,0.369868053586595,0.025987081962044
"6","mel006",0.175743425041551,0.742384844872187,0.235224898656364,0.779885657059708,0.118494024718937,0.79307459688896,0.309455791130228,0.355360152322905,-0.0459043611926768
"7","mel007",0.121893118081148,0.72072051277453,0.204093486168121,0.780269657767618,0.0683002021483892,0.807958638090724,0.320685871199228,0.343753831311953,-0.0230679601127249
"8","mel008",0.14898063194057,0.632780859443358,0.188559485549408,0.807044548749088,0.0734452623239794,0.809595129271053,0.280542889546687,0.29702299517702,-0.0164801056303333
"9","mel009",0.213735144201632,0.662585139227786,0.260230840123736,0.729909202084217,0.156263940781114,0.737166727239342,0.259785063003955,0.313608989456865,-0.0538239264529098
"10","mel011",0.110072138995835,0.553697807571667,0.172001528557204,0.719131695726447,0.0465661719995937,0.751530309385011,0.268683239182249,0.259491330938748,0.00919190824350158
"11","mel012",0.169684537634743,0.618448452696984,0.212077709046594,0.749640549265469,0.129306669779135,0.787871603010817,0.253460072677201,0.29276771116921,-0.0393076384920087
"12","mel013",0.329599915392254,0.564665045380444,0.402694805822648,0.727112634731844,0.319534503631048,0.740633486779192,0.128584536654768,0.262697616291368,-0.1341130796366
"13","mel014",0.209018045740099,0.612824819332396,0.225387019883238,0.825218480041132,0.119327151995398,0.83169813554999,0.2349189348909,0.286139792940286,-0.0512208580493861
"14","mel015",0.17333087216868,0.759930319384511,0.229172682490434,0.841277449485548,0.130837375293963,0.848426145599456,0.318439631053117,0.363119439105459,-0.0446798080523422
"15","mel017",0.473723537574462,0.661594341610502,0.497583018953554,0.733183867029258,0.487565672183807,0.763148139995816,0.0931767544519273,0.313745355047083,-0.220568600595156
"16","mel018",0.220964548315927,0.512237807066569,0.215434377559245,0.641883651460869,0.129797652677247,0.653117330004448,0.172743798667548,0.239924986220511,-0.067181187552963
"17","mel019",0.139280285492959,0.632660143944991,0.170456038341554,0.741877456255082,0.0326608822406507,0.772765521434941,0.286002007039357,0.297193452164793,-0.011191445125436
"18","mel020",0.263521276312248,0.619864791556914,0.308755713561468,0.747044281023487,0.232507581722653,0.775504633662588,0.178884016213971,0.291808705333652,-0.112924689119681
"19","mel021",0.11878770482797,0.656230115918504,0.217209625973155,0.658385973044025,0.0895692792373245,0.707852748322765,0.293683601305621,0.311653074927598,-0.0179694736219774
"20","mel022",0.157453706395326,0.476559328012241,0.194494042839668,0.61519763162894,0.0986302512008662,0.629555239114522,0.199887483631593,0.221028823323767,-0.0211413396921742
"21","mel023",0.246441112769736,0.500574119840041,0.245808611997203,0.711287172525832,0.179755205505229,0.724403946037621,0.13507522941998,0.228244976971367,-0.0931697475513864
"22","mel024",0.13192258610736,0.621611447209277,0.175407593797998,0.684292997911184,0.0616817525215864,0.721714198647411,0.277302302055007,0.294652478434015,-0.0173501763790079
"23","mel025",0.176432218021773,0.582158292885077,0.168649950414476,0.724371303263134,0.0741235858138115,0.718177355828857,0.242547702744741,0.272754578569978,-0.030206875825237
"24","mel026",0.148177177470597,0.577333977892388,0.187737511954042,0.72996239280529,0.064401277569896,0.741368684169639,0.258081945628137,0.272410276629458,-0.0143283310013204
"25","mel027",0.287847540189944,0.611509297742135,0.338900936602585,0.667296620098286,0.281188232094279,0.701027737877189,0.169873225846002,0.289965652387594,-0.120092426541592
"26","mel028",0.21713667847956,0.633413814428928,0.268276771631321,0.695580635265372,0.151050959701528,0.715701704192328,0.236072898625421,0.300230762764317,-0.064157864138896
"27","mel029",0.207759718077777,0.626456267558561,0.245402450379218,0.765189437181299,0.168327652134793,0.794187142413067,0.249986883622669,0.296117138041998,-0.0461302544193288
"28","mel030",0.143535550602763,0.70078772949269,0.192109457138014,0.823411680547713,0.0605628204052175,0.833959752101896,0.314667648707202,0.332853900998158,-0.0181862522909564
"29","mel031",0.191368942881459,0.688541884917616,0.2650011960525,0.727365677055567,0.124989321412324,0.749606147683034,0.278949993353226,0.328582947652341,-0.0496329542991152
"30","mel032",0.26335954523691,0.557485868268246,0.282413149914585,0.65903735796734,0.214742130447094,0.656747468185057,0.184708007135764,0.261033066749898,-0.0763250596141339
"31","mel033",0.274063490641805,0.615230667412923,0.277376035450583,0.76427802874838,0.217190528035983,0.79175943273027,0.183278859228013,0.289562484555644,-0.106283625327631
"32","mel034",0.136901788360134,0.446370813636155,0.117247915051931,0.669053886050412,0.0506612324433937,0.691149123118852,0.199059138357202,0.204798353618421,-0.00573921526121823
"33","mel036",0.152949513691008,0.59506026501598,0.184301070591466,0.727672269619495,0.0733528826680297,0.742974022660209,0.254442259707325,0.280242616406771,-0.0258003566994462
"34","mel037",0.189070357596906,0.522511968218506,0.20529176313761,0.711723484525679,0.136485592720905,0.716641734035644,0.214029435788595,0.244683171279204,-0.0306537354906096
"35","mel038",0.320968155686463,0.465995384976096,0.356966885601581,0.687381245665316,0.301221833975815,0.673331655031485,0.0817068917548417,0.212168236176732,-0.130461344421891
"36","mel039",0.202279993811386,0.590829712014629,0.263549456469537,0.688036971875126,0.14694148895604,0.672024884311313,0.234957794891365,0.278265738844225,-0.0433079439528605
"37","mel040",0.195847090714996,0.490102064319813,0.195643088881738,0.643993230197974,0.110089274599735,0.657607852742585,0.167594316770615,0.226107806315971,-0.058513489545356
"38","mel041",0.144176674288809,0.529581845608147,0.171085175033653,0.683828692310694,0.0747970269205497,0.700853311956485,0.231437203200797,0.248218089234339,-0.0167808860335416
"39","mel042",0.284895942199927,0.448088964084553,0.282037379531188,0.701332171550289,0.236564586509473,0.701962188056299,0.0863285379415153,0.194066551066478,-0.107738013124963
"40","mel043",0.150744184459169,0.605011772927233,0.198159425675336,0.720510946019674,0.101944571915133,0.760306940520402,0.247424048355894,0.286752379357214,-0.0393283310013204
"41","mel044",0.161375443899439,0.580383093232802,0.164086480225833,0.73050082196584,0.0736024794460914,0.766462409910545,0.247663885049192,0.272827208069116,-0.025163323019924
"42","mel045",0.138694117056503,0.529325236967887,0.149819743324038,0.702681748465762,0.0819149341061472,0.729476725786786,0.21620030722029,0.244902542011295,-0.0287022347910056
"43","mel046",0.218130335428886,0.569249916620062,0.24429292767984,0.719087310684153,0.153483081932345,0.706591764470902,0.225519134741425,0.268118360250362,-0.0425992255089372
"44","mel049",0.138549866946827,0.518670571091765,0.194901507428296,0.630634864489839,0.0714082579385394,0.673587346480665,0.236242060515648,0.242940275047701,-0.00669821453205366
"45","mel050",0.164953076751324,0.57317679720742,0.185931884255005,0.699529621290458,0.0830418816332132,0.725960576062438,0.234484502099596,0.269927321798865,-0.0354428196992689
"46","mel051",0.167809713959617,0.463995203290687,0.16021596337768,0.662287184891362,0.068443057033421,0.684734690831121,0.193813102265641,0.213423688947548,-0.0196105866819068
"47","mel053",0.222447625303399,0.398702156211851,0.189423741408249,0.670893996812899,0.122101122633018,0.65959169465927,0.12852627934733,0.174328902369225,-0.0458026230218946
"48","mel054",0.130306951147261,0.607448343198009,0.183712266487837,0.705076392179931,0.0500420195032417,0.747472681589326,0.283263855879446,0.287880995189302,-0.00461713930985552
"49","mel055",0.469902439952258,0.599975280961708,0.523635723521014,0.745402233220148,0.467628371559552,0.735098921613406,0.0730157011210492,0.282061530102386,-0.209045828981337
"50","mel056",0.188135444183523,0.664364541090131,0.250928344780288,0.730944506313988,0.145184240802326,0.753891824232075,0.269311193617187,0.316718717807716,-0.0474075241905287
"51","mel057",0.0716495206248902,0.457486943635333,0.116780551300088,0.591326975402202,-0.00628915838977739,0.629246533734276,0.23538709365449,0.210204063482841,0.0251830301716494
"52","mel058",0.201355392601327,0.473000297096547,0.192352800466513,0.658560416280924,0.1053965400084,0.647948285967375,0.190623141964534,0.218913250945083,-0.0282901089805491
"53","mel059",0.219212680007967,0.689080977390223,0.27048688545659,0.751328465298248,0.168850230227068,0.777935040761467,0.257634123025792,0.328080046601458,-0.0704459235756657
"54","mel060",0.282945201447955,0.591794638082787,0.305098506952262,0.69053924476579,0.225219955788011,0.689467542304539,0.18630415618338,0.279772959762199,-0.0934688035788188
"55","mel061",0.23047935879813,0.478748173960459,0.246902375661948,0.658473518813849,0.182993660975233,0.738385222915205,0.130760572470321,0.221664490252084,-0.090903917781763
"56","mel063",0.177592036133912,0.5697011458883,0.186062017682977,0.775637014475222,0.0808588692116726,0.798952228333935,0.231293412383967,0.26412183206747,-0.0328284196835031
"57","mel064",0.310425763651538,0.510132283735405,0.29605862548846,0.65409948212615,0.269697064100751,0.660283702640781,0.121495237778617,0.235623541189925,-0.114128303411308
"58","mel065",0.162221176289793,0.685448587799634,0.203059644661673,0.78871608789795,0.070703283483942,0.796746705037733,0.295138566771516,0.326667053459335,-0.031528486687819
"59","mel067",0.214808110512437,0.545534554252104,0.217496156910253,0.671195571887942,0.162021013006605,0.738735578206502,0.195925739495501,0.256386049291926,-0.0604603097964251
"60","mel068",0.222607080469637,0.525531790986776,0.248622692430797,0.702740300816889,0.170723079309831,0.726326361338789,0.183129593938297,0.246243964393335,-0.0631143704550381
"61","mel069",0.159310043769711,0.434119692536455,0.161159876631154,0.575742574972453,0.0838191704153076,0.618517047363235,0.188751426938199,0.197458539249257,-0.0087071123110577
"62","mel070",0.166865446991993,0.69360855384209,0.228563027056206,0.778576453215228,0.126065362620663,0.786112093303976,0.288943194696025,0.330727529481118,-0.0417843347850936
"63","mel071",0.212112253691154,0.647139423870143,0.227849144370537,0.755144208775824,0.143809262534687,0.768854381889773,0.238903774036342,0.30719324253446,-0.0682894684981179
"64","mel073",0.178177196575047,0.591523959763764,0.217391573752314,0.722440116114733,0.118668433328591,0.73058384792676,0.242225907931149,0.278902888007218,-0.0366769800760696
"65","mel074",0.179515823599298,0.599153112705871,0.205356262868349,0.739785260095724,0.113199412580276,0.739354526519556,0.257848781381041,0.282603181002664,-0.0247543996216226
"66","mel076",0.210822707752251,0.593809705255838,0.231374769041538,0.801000305110091,0.137964498797805,0.806001839683988,0.225931621729924,0.273277807410708,-0.0473461856807835
"67","mel077",0.193333220961028,0.558005891152592,0.206026407361834,0.736102055216369,0.143290885895921,0.772531286327226,0.199550464719639,0.261771854862122,-0.0622213901424827
"68","mel078",0.197566800597578,0.538765706607824,0.200115666142549,0.653996748794955,0.120650256853109,0.66444911981375,0.203909631561207,0.25366403118283,-0.0497543996216226
"69","mel079",0.195399704044914,0.539914375612403,0.208051437730992,0.710168477894277,0.132693907365258,0.747761693617579,0.215906646543291,0.252249344058219,-0.0363426975149281
"70","mel080",0.184277490596441,0.542691863268699,0.205142471704624,0.69471553367402,0.114409244727486,0.702062721775125,0.210685346679322,0.253990334559424,-0.0433049878801016
"71","mel081",0.160028486887839,0.608485068164002,0.190730035399619,0.705746201093702,0.100297002741047,0.734148662380107,0.262966886569364,0.287193873542937,-0.0242269869735727
"72","mel082",0.145656742923655,0.521524172614852,0.167830126698901,0.642741096095858,0.0731220515533812,0.687496755371697,0.21359064494568,0.240686007852879,-0.027095362907199
"73","mel083",0.186687993104749,0.538654047383436,0.228879236414042,0.67556436600301,0.143107586820689,0.70892777129849,0.212158174095438,0.251877938397903,-0.0397197643024654
"74","mel084",0.25334236027969,0.549248674203285,0.262316820702858,0.711708034494031,0.216697764475152,0.72735141421962,0.151553559739243,0.256877939456642,-0.1053243797174
"75","mel085",0.179483147884932,0.674525922384108,0.267675498159468,0.692103297180766,0.148001936718527,0.717728641702593,0.266589671270795,0.321328255903158,-0.0547385846323631
"76","mel086",0.145382804438614,0.587877464517488,0.181361904518695,0.712246609132954,0.0900016862712421,0.737567417085626,0.249693508692389,0.276889378073387,-0.0271958693809984
"77","mel087",0.295465757303089,0.565096438302251,0.327563477818403,0.692243378386782,0.273722508043395,0.728247498338539,0.152059870169774,0.264858926197206,-0.112799056027432
"78","mel088",0.119909499954873,0.612460489154234,0.154318107724333,0.73312875948186,0.0437389988692337,0.735802154245651,0.27985595782232,0.291097656184656,-0.0112416983623357
"79","mel089",0.174656850131058,0.578360166324205,0.213913638201595,0.673197876074411,0.111025322671193,0.705045945416233,0.26704464097372,0.270393378730652,-0.00334873775693201
"80","mel090",0.108141100492777,0.757025119679444,0.175922576786253,0.803552988415319,0.0692258699857972,0.81737858755961,0.352952551932959,0.362211464492327,-0.00925891255936784
"81","mel091",0.182710166405139,0.568588455737368,0.25425646491344,0.684257024615843,0.117801081855088,0.687549850733767,0.215279212076076,0.266460163143218,-0.0511809510671423
"82","mel092",0.183115100251959,0.540738986217238,0.195814513205504,0.731967188877471,0.0987146928316498,0.720035633170498,0.222638520934497,0.251497427581719,-0.0288589066472222
"83","mel093",0.126568469418171,0.515991829987923,0.144743224327734,0.730274352662813,0.00433369734868425,0.741097639334838,0.247206625575502,0.240467272364221,0.00673935321128027
"84","mel094",0.261581439719706,0.688042739422568,0.31077908390497,0.787076301539194,0.219918399348957,0.810966644235399,0.219194128074979,0.326763398713293,-0.107569270638315
"85","mel095",0.307857628494965,0.622042012429907,0.350216174423068,0.712999505820294,0.278998934692606,0.736347859037208,0.160899565976259,0.294684028857839,-0.13378446288158
"86","mel096",0.210762567337639,0.613322933076782,0.264830427439878,0.748338685217415,0.168548929713622,0.765229539948259,0.219132091242919,0.290262099322852,-0.0711300080799322
"87","mel097",0.301446921892601,0.668045148641724,0.371593979551207,0.714069898574026,0.29282939609272,0.735344673384602,0.185163479584193,0.316977473632633,-0.13181399404844
"88","mel098",0.169053586264054,0.701466859161792,0.217454453280669,0.746933627130182,0.0986744752675843,0.769723993450545,0.299282169571129,0.333760816872235,-0.0344786473011056
"89","mel099",0.160569591459715,0.501529869675369,0.17596088072799,0.69447938154754,0.100757694690375,0.709491656678043,0.198016918267125,0.230656149294065,-0.0326392310269397
"90","mel100",0.195788520066884,0.659143120042873,0.230014295954454,0.735138329026486,0.127667056628968,0.762818655211392,0.267316524447253,0.313380513568906,-0.0460639891216522
"91","mel101",0.218468824076325,0.591182861283632,0.230257361965776,0.699987262819008,0.151069605266337,0.733561262682661,0.21931884351293,0.27784711342208,-0.05852826990915
"92","mel102",0.192279091510002,0.516092558825863,0.201690271852672,0.752890924130441,0.0947414464108564,0.74164814265639,0.200801864739883,0.23416311653816,-0.0333612517982776
"93","mel103",0.182351295761963,0.619058153163355,0.212580044824256,0.712664712878398,0.115359439263,0.750807104308926,0.255422319710751,0.292374707232183,-0.0369523875214316
"94","mel104",0.181624451284977,0.564338046407462,0.182294226020278,0.693282878316278,0.0952144790755091,0.723182183024966,0.230799420706573,0.263695583724132,-0.032896163017559
"95","mel105",0.202612713309646,0.651027238401074,0.213985837736612,0.72206198509033,0.126665856010511,0.746340227747138,0.263800951822073,0.31009058783098,-0.0462896360089077
"96","mel106",0.280218392527658,0.482678964407915,0.298441280420984,0.690280093199284,0.246560475756913,0.687607416834429,0.116948735715734,0.224953780746576,-0.108005045030842
"97","mel107",0.205176193872731,0.599338261864351,0.227588790359665,0.744325272129108,0.131882206560451,0.7263917908433,0.229207196164666,0.281949939006043,-0.0527427428413771
"98","mel108",0.300605940412497,0.558608670824092,0.309054821681992,0.668536417960501,0.247232103133033,0.677739381127153,0.139620899777904,0.263482565426368,-0.123861665648464
"99","mel109",0.134282986209628,0.668071499583352,0.180784165657621,0.794780451596133,0.0496771489470641,0.813274174781708,0.296277605596028,0.316392202683311,-0.020114597087283
"100","mel110",0.214236496146198,0.413559574327684,0.223261287797423,0.628583831928854,0.18881749564744,0.654987136410541,0.101349861092418,0.183370533894578,-0.0820206728021599
"101","mel111",0.316125136322442,0.618480996689369,0.321388615119392,0.737322198237468,0.279785271953467,0.763025674038574,0.15483728487236,0.292742513179713,-0.137905228307353
"102","mel112",0.150584188960834,0.680563562955864,0.180928480196564,0.806622932885064,0.0670787157898798,0.777870804300886,0.295892768594101,0.323641177241599,-0.0277484086474982
"103","mel113",0.230806933111509,0.598676712945472,0.249759777682604,0.87489740493456,0.164327767300208,0.86408643976813,0.182660730692237,0.277190271712674,-0.0945295410204363
"104","mel114",0.62173477983031,0.550342123266596,0.676583159892742,0.693015165756695,0.668268590569949,0.710842143455328,-0.0352502853663159,0.253871120541888,-0.289121405908204
"105","mel115",0.0631676563373125,0.721887455003648,0.107613360222906,0.817534027295267,-0.0419642449814507,0.842459876653764,0.360218824378484,0.34172316980544,0.0184956545730446
"106","mel116",0.192251785578237,0.590838416561264,0.160793568194721,0.747975018030749,0.0971070309712052,0.746166616250431,0.237856892291845,0.277768554984236,-0.0399116626923911
"107","mel117",0.186709300652303,0.716737027539629,0.255588538769013,0.770578734503787,0.126003591125535,0.771125417630603,0.301401974489948,0.342551738989484,-0.0411497644995369
"108","mel118",0.142468296489593,0.588843965243923,0.158223725819276,0.76044171650443,0.0591186668348563,0.787493408641558,0.265606401541238,0.276281026612677,-0.0106746250714385
"109","mel119",0.186073732779518,0.594508474987636,0.234016084024315,0.684351199577679,0.139978494908807,0.70056142742407,0.235808890294766,0.280064748245616,-0.0442558579508504
"110","mel120",0.0983872351410646,0.636887841085824,0.158475691960455,0.764298387899117,0.0355284484420838,0.792685840334866,0.310130743329542,0.30129479551408,0.00883594781546226
"111","mel121",0.425617471743684,0.595111072088855,0.486082569287401,0.707089742937774,0.441134674188624,0.716574762631166,0.0951849779190196,0.279861682094965,-0.184676704175946
"112","mel122",0.175643621233118,0.701131977423094,0.23692115095334,0.767378810975747,0.110717193399687,0.784025791339741,0.296887322647187,0.333970023709402,-0.0370827010622155
"113","mel123",0.171632378547692,0.495689886807264,0.166789750053482,0.705326772590208,0.0811256880494403,0.697531311373875,0.201527934603892,0.222025096774043,-0.0204971621701515
"114","mel124",0.0920904509555396,0.564934627523148,0.130142980316255,0.682416754674172,0.0317202934011912,0.730960197517875,0.290843136881281,0.265708881910152,0.025134254971129
"115","mel126",0.324513701369616,0.434096724522945,0.315451233969642,0.675360101044985,0.275773509574177,0.674982496527591,0.064542079898772,0.196852940510088,-0.132310860611316
"116","mel127",0.249419274995078,0.710788974574145,0.276690316235884,0.743938633785278,0.190305619067544,0.769485614502287,0.261345876843753,0.339206123577293,-0.0778602467335396
"117","mel128",0.227220495136634,0.604655484448494,0.259310367187385,0.716472149377852,0.162848065607631,0.743460182932571,0.203095399005293,0.286548042719697,-0.083452643714404
"118","mel129",0.204385920585703,0.631091089826357,0.234305083301246,0.697243732686821,0.128525737997376,0.733425552178095,0.235757819714676,0.298959640655495,-0.0632018209408194
"119","mel130",0.469661966145943,0.467220432938778,0.504174507701725,0.62795469795972,0.475679047468592,0.600951340645105,0.00575513324772103,0.216712555946418,-0.210957422698697
"120","mel131",0.283791891120744,0.566835809395104,0.304343330138681,0.728485216721388,0.260376790304649,0.737506890339831,0.163207668343546,0.266383722183484,-0.103176053839939
"121","mel133",0.548508516742916,0.615066544467148,0.601741235497155,0.703209242753737,0.579492543632378,0.71111505083967,0.0381310816567566,0.290993052766072,-0.252861971109316
"122","mel135",0.109403236493537,0.641737966838825,0.145295351824126,0.734861143169244,0.0177627926994465,0.764500980452697,0.296202757726382,0.304192776054033,-0.00799001832765112
"123","mel136",0.163693689152508,0.522125017278867,0.182174406485148,0.712110199225697,0.0853400785905902,0.748491081273964,0.206880475026408,0.238316338101118,-0.0314358630747098
"124","mel137",0.150143746234869,0.614305051107828,0.156261868593562,0.726993024564102,0.0356096563414244,0.773110672926519,0.28046627910874,0.289692921207157,-0.0092266420984175
"125","mel138",0.161464162810822,0.60348185699057,0.194132772208654,0.724660374629069,0.107305336656698,0.731583992530629,0.24838013932685,0.282805823657694,-0.0344256843308437
"126","mel139",0.137528339879494,0.775343500406195,0.230420638239003,0.80243503766665,0.0822953378455827,0.832559632823784,0.362624361322307,0.371479030931908,-0.00885466960960135
"127","mel140",0.235675650523103,0.752664155492593,0.285690697321606,0.829673462754185,0.196830937937248,0.822349918351946,0.276108073340506,0.360362059111942,-0.0842539857714364
"128","mel141",0.270020483006187,0.443974489502113,0.269449684985967,0.644256379137823,0.212091337198326,0.657770783097038,0.113314750501531,0.195835492278722,-0.0825207417771909
"129","mel142",0.279887136327135,0.468775977613012,0.292652738867859,0.635913970464261,0.231504758804328,0.64965773666115,0.110905791235563,0.211997567441148,-0.101091776205585
"130","mel143",0.161523448892932,0.425495047523558,0.149522189259902,0.658149756705636,0.0758487780877528,0.664999761974491,0.192767423360221,0.182373625200869,0.010393798159352
"131","mel144",0.502482393823667,0.605140316428747,0.563557545417244,0.735613698505177,0.532917899336285,0.737036501216918,0.0548731766758325,0.282938377787316,-0.228065201111483
"132","mel145",0.270975926064703,0.540826440936102,0.284532013970957,0.692428476093658,0.236378589804464,0.70936255799096,0.145807706851616,0.253913258356257,-0.108105551504641
"133","mel146",0.219054677063245,0.541074571311487,0.244865189075048,0.682720377825706,0.15965674769891,0.715761199598782,0.191650170983607,0.253666360408749,-0.0620161894251424
"134","mel147",0.208706958574423,0.602687761828879,0.242278320928552,0.65819090349496,0.142676042767484,0.676385697824536,0.228646759848781,0.28414406982257,-0.0554973099737895
"135","mel150",0.37584345806802,0.768448016211955,0.421587967232964,0.84297231214136,0.386489734305676,0.857997281243846,0.195890097586358,0.367128248661383,-0.171238151075025
"136","mel151",0.232885805379251,0.646237555732143,0.27716354120942,0.730269292293753,0.191948657519639,0.742125431392311,0.219892222383218,0.306748783879385,-0.0868565614961669
"137","mel154",0.234969789992182,0.482542422817301,0.241432408827496,0.634759989168955,0.17593064020484,0.638865331284784,0.141873798809917,0.224824402834117,-0.0829506040242004
"138","mel155",0.140778480615673,0.670557384625861,0.181694665865672,0.712967285425936,0.0666187658397951,0.729847017242398,0.287057956383259,0.319917168491333,-0.032859212108074
"139","mel156",0.225781268819947,0.590281099351725,0.26695030627292,0.697939334017959,0.181533329184769,0.719190022846564,0.209639694510752,0.278350649716396,-0.0687109552056441
"140","mel157",0.240688841164949,0.618658726851165,0.265050411421749,0.716586441429368,0.1857466419375,0.733352972078887,0.222430350534073,0.290890778573409,-0.0684604280393354
"141","mel158",0.17038221352088,0.644370498949624,0.170623848195349,0.845598013279421,0.0936034981373769,0.826402706037664,0.272246089446825,0.301104010736461,-0.028857921289636
"142","mel159",0.171748578288761,0.471562808454663,0.195466221575524,0.603574634057601,0.0871223077878454,0.60838261059768,0.20342002959755,0.215215498923368,-0.0117954693258183
"143","mel161",0.21533580653048,0.468009870181202,0.233021683033451,0.667266511730411,0.18882010750229,0.68207381311316,0.168647613809606,0.211143376771985,-0.0424957629623791
"144","mel162",0.186760153930227,0.575671590845424,0.216506277242293,0.704184615371845,0.127742159518452,0.726454636183223,0.239270824186005,0.270815815613394,-0.031544991427389
"145","mel163",0.223575985951558,0.566739260623552,0.236331053026292,0.7174364867922,0.164633526573952,0.714523522194228,0.194337210918671,0.26430351168922,-0.0699663007705497
"146","mel164",0.194788618729708,0.732476239228638,0.291976557068406,0.742275589821079,0.158436189538281,0.753214020570241,0.307129952639673,0.350238608020711,-0.0431086553810378
"147","mel165",0.394572148148521,0.518159436392655,0.452268983198633,0.687883083064771,0.402659738415919,0.654634684106496,0.0699135751796907,0.23675850945634,-0.166844934276649
"148","mel166",0.553401344054298,0.575246712292249,0.61468149005074,0.711921281334108,0.5941155400641,0.704908008379711,0.0162798738124199,0.270186077623783,-0.253906203811363
"149","mel167",0.153045621856539,0.548901006696469,0.15476143567139,0.712125149834495,0.0638396351539574,0.744426997100365,0.225343302562565,0.257141777229022,-0.0317984746664565
"150","mel168",0.586352218949475,0.614564433385036,0.647457079907339,0.693892967953012,0.647748248431216,0.726961085736162,0.0157647161306331,0.290130392184473,-0.27436567605384
"151","mel169",0.0767967583272857,0.544523674799287,0.0997178254626454,0.676871130079605,-0.00784935845519323,0.708249242500944,0.255662273865079,0.252598304450579,0.00306396941450049
"152","mel170",0.186129547127803,0.52728853469249,0.209961394847625,0.672679874797557,0.108017351008002,0.684121164400508,0.18553480875649,0.244166294872802,-0.0586314861163116
"153","mel171",0.234111793811861,0.514297500587225,0.22203919163421,0.715189212865038,0.155771464566248,0.736839147861322,0.168218657243825,0.237007948377578,-0.0687892911337524
"154","mel172",0.429109042260701,0.595088264819211,0.486055962043953,0.724670704645703,0.43632481832908,0.729842356609077,0.0933003431689393,0.279862529086209,-0.186562185917269
"155","mel173",0.559812671354139,0.557626305111711,0.604875202421181,0.745690313009642,0.59988221205266,0.726647616509231,0.00601006944438709,0.258474941446437,-0.25246487200205
"156","mel174",0.172790442420253,0.630127087459442,0.182724390474855,0.731882184630775,0.105758245113238,0.751085436593276,0.250467513785352,0.298758903730764,-0.0482913899454112
"157","mel175",0.189043726108669,0.533611894585729,0.229672494889691,0.685384579093712,0.146233778635127,0.690819064517847,0.196724482027568,0.247019596624655,-0.0502951145970872
"158","mel176",0.15136270400401,0.556880076648699,0.179671261072228,0.763124450051669,0.0780045258643126,0.78059841917386,0.238972236108382,0.260942015191211,-0.0219697790828292
"159","mel177",0.226384564502091,0.568081141263138,0.226186726478308,0.728903933559548,0.162257840830029,0.76821026206391,0.206146376388436,0.268033237630381,-0.0618868612419448
"160","mel178",0.181419395590273,0.574850432654457,0.205866000350081,0.702261617114219,0.121247027162704,0.739005339082932,0.223321887965235,0.26841480718562,-0.045092919220385
"161","mel179",0.168698395542232,0.675711577048481,0.216752276809323,0.768638254187199,0.108585658898536,0.784475286723485,0.280733427540543,0.320310807671793,-0.0395773801312497
"162","mel180",0.194138679739708,0.662120533593856,0.266950876246435,0.739274459529922,0.14846953825023,0.76567988798003,0.264879643601637,0.313286074045245,-0.048406430443608
"163","mel181",0.173000435313713,0.549735907353801,0.213634811068778,0.656473865586494,0.104667451325342,0.671920317980763,0.225356226452475,0.257430601243087,-0.0320743747906115
"164","mel182",0.173688753952109,0.672081723078649,0.230897041571735,0.84136161836783,0.0786844647382896,0.852325072373761,0.282388653138574,0.319404103545527,-0.0370154504069526
"165","mel183",0.214806304601237,0.457251882546528,0.235278330954379,0.674583553289536,0.153241690038678,0.690049011398617,0.14919859644219,0.210561493787637,-0.0613628973454466
"166","mel185",0.219853768919916,0.548641052775765,0.228900725740474,0.721714574141654,0.15142348356142,0.743150682550921,0.185512011849952,0.25459296882924,-0.0690809569792877
"167","mel186",0.167202460896257,0.594807340313027,0.174523445067371,0.810262639397761,0.0587612463918899,0.816798939730225,0.252449121437697,0.277618849281931,-0.0251697278442347
"168","mel187",0.211531019342026,0.603456731117074,0.233320427456611,0.738092006721945,0.151573184500357,0.761194363827614,0.206163304879221,0.283390459363583,-0.0772271544843623
"169","mel188",0.182621758959722,0.584869934234528,0.186588849094806,0.748022676963833,0.073790007496565,0.756935356392128,0.243588651673188,0.274924993631685,-0.0313363419584968
"170","mel189",0.206799228568794,0.613560464933266,0.26049380141535,0.675600358014733,0.153671266333963,0.694442764760507,0.229710068725698,0.291512681894016,-0.0618026131683188
"171","mel190",0.183493224441958,0.561124059990394,0.174704763998508,0.721542949886948,0.0938359311005037,0.735656191840659,0.2184716216982,0.261139575898779,-0.0426679542005794
"172","mel193",0.386251952675313,0.529012658116363,0.435311856970413,0.715966275614683,0.392862674967201,0.715288313623602,0.0818130064850866,0.247470831209679,-0.165657824724593
"173","mel194",0.19211314845769,0.764339576123639,0.244759557302005,0.850119997349003,0.152810106330828,0.875493810854992,0.319542321881623,0.364649528787009,-0.0451072069053859
"174","mel195",0.124129697400593,0.479630983827598,0.148486534724753,0.6632150673262,0.054631808062789,0.701716310584118,0.240649141063783,0.222240444297727,0.0184086967660564
"175","mel196",0.182346456109308,0.532395977066128,0.218685869735638,0.664163308476283,0.116470435521989,0.67860201762348,0.218953387865689,0.248999650404364,-0.0300462625386753
"176","mel199",0.237452855767477,0.664112820162488,0.240145403711037,0.74418865499922,0.157837376642025,0.756998736369609,0.240626332257202,0.316043877534383,-0.075417545277181
"177","mel200",0.107581808197941,0.624646077970632,0.176030864104306,0.718152804198729,0.0555758620659954,0.757608360964444,0.299662305094698,0.295629482833499,0.0040328222611985
"178","mel201",0.222687623632092,0.625783778322165,0.245462264994137,0.757266196579078,0.189573386594926,0.817550224453615,0.218879099441559,0.290795915554126,-0.0719168161125672
"179","mel202",0.251919335135712,0.583750111617562,0.269996333336464,0.677196241326635,0.199760913118873,0.684904739108623,0.201299526488961,0.276662384420104,-0.0753628579311433
"180","mel203",0.207144452628808,0.651773223418854,0.217932566254599,0.814483702964649,0.119725547071671,0.83504799371609,0.250164646250952,0.309030154794002,-0.0588655085430503
"181","mel204",0.127445830290702,0.566268843054555,0.143941518067971,0.741215901259153,0.0412666535275916,0.738695521484188,0.253648470717199,0.263601567696093,-0.00995309697889368
"182","mel205",0.119077783174033,0.701447522428272,0.187969220738864,0.782893541218675,0.0629975989678223,0.799626036259129,0.318360494987605,0.333341132711035,-0.0149806377234298
"183","mel206",0.172496643268358,0.503908627130841,0.183202013961933,0.686843739418304,0.110262380235842,0.692778680670014,0.206225136186063,0.235804585568243,-0.0295794493821807
"184","mel207",0.232808341625585,0.545426512449691,0.242977735153127,0.79654308211783,0.18391803757946,0.801563475191641,0.166086663163342,0.249358986439459,-0.0832723232761169
"185","mel208",0.184776902190067,0.583899339006976,0.220625057451317,0.703394227630332,0.118909445121337,0.72310004343988,0.233609298612758,0.272140721666184,-0.038531423053426
"186","mel209",0.0378556694264967,0.665278411222483,0.124545339266053,0.809376645398136,-0.0301993825023809,0.834943533267997,0.339894375828879,0.310075977232028,0.0298183985968508
"187","mel210",0.157847494775746,0.486777868794074,0.189006106634487,0.687408230073816,0.072388554280353,0.714128415860032,0.204309784920329,0.223581654931956,-0.0192718700116272
"188","mel211",0.120587204146205,0.625073101260124,0.200197589155244,0.662841571869962,0.0579292163973946,0.659747381093134,0.288831551815088,0.294342903134482,-0.00551135131939373
"189","mel212",0.231483294793367,0.611739796511631,0.265366472045823,0.7668183859144,0.129619323760655,0.782907877190428,0.216285425637227,0.288782617368106,-0.0724971917308792
"190","mel213",0.237498075663725,0.67181142660258,0.295460145149095,0.74366957223703,0.199127490748203,0.746296297577687,0.238493064249937,0.320080426053535,-0.0815873618035986
"191","mel214",0.175368555048991,0.553242615583452,0.174723323253053,0.682922449915506,0.0931642516989402,0.707971164115031,0.225878814018508,0.258025612591711,-0.0321467985732022
"192","mel215",0.281307208461553,0.616376522630418,0.297534739185536,0.72508353998778,0.234320523266384,0.730059534314516,0.17520650210722,0.291441746377366,-0.116235244270146
"193","mel218",0.200873261318191,0.514363424575286,0.207782017640278,0.724465046277589,0.14818520822386,0.725415469076304,0.174681914075724,0.237236847761159,-0.0625549336854344
"194","mel219",0.210095171232903,0.615664755891429,0.240446670771277,0.650298236549578,0.160130468077775,0.669430368948728,0.216799865140048,0.28908520498988,-0.0722853398498315
"195","mel220",0.217141660005668,0.517800641136607,0.221487283675247,0.665505339604538,0.148634318356604,0.685297972050344,0.187103025398636,0.242732126949589,-0.0556291015509528
"196","mel221",0.15347549888045,0.690090234084576,0.201234006372768,0.778561157870077,0.0785227296724661,0.786367339168903,0.304439547549846,0.328063742020019,-0.0236241944701733
"197","mel222",0.291383704536201,0.507225864053923,0.351762638795681,0.650058747503757,0.261280789830036,0.668698368033739,0.117509723325546,0.235962761182984,-0.118453037857439
"198","mel223",0.0991003374987162,0.445958036547324,0.118721075691055,0.599620822804266,0.0152391699008819,0.62340401440184,0.211751651353985,0.204891099159594,0.0068605521943913
"199","mel224",0.17277826572465,0.520210416281021,0.20597699786312,0.662992119013147,0.105872379126647,0.679545418997624,0.203583480371597,0.24045753196492,-0.0368740515933232
"200","mel225",0.206253131615972,0.667602634298976,0.243190774409774,0.760178771724757,0.12205908836927,0.800527463794985,0.253412752363276,0.31655249577616,-0.0631397434128845
"201","mel226",0.159588717276097,0.666469105874245,0.235700049853844,0.691865198978421,0.119471292623377,0.707728633546992,0.279365391098583,0.316332066305016,-0.0369666752064324
"202","mel227",0.205740469947873,0.554397092052492,0.22891446370474,0.714474865163307,0.130177725068782,0.689495161751449,0.210838134291927,0.259738228886255,-0.0489000945943283
"203","mel228",0.30326312561196,0.568163561299613,0.348663171928737,0.704182882838119,0.2716378639564,0.702724537392881,0.196594277060481,0.254537490902785,-0.0579432138423034
"204","mel230",0.172485508708711,0.531757903734617,0.186117913656881,0.689215146691744,0.121560844053198,0.693629590422777,0.200683245062874,0.246678259153487,-0.0459950140906135
"205","mel231",0.109120219885446,0.689061457405435,0.139344449950106,0.875599199966795,0.00709957758614743,0.874475398126382,0.317618821631447,0.324538987959808,-0.00692016632836057
"206","mel232",0.199692236900354,0.503438583974649,0.183400790456357,0.654024725782155,0.107846525518928,0.668593879491499,0.16133115878622,0.229693543745721,-0.0683623849595019
"207","mel233",0.403871858907827,0.519564539553206,0.446378969524933,0.719529604521737,0.398725506571272,0.726486492761208,0.0641610111133042,0.236071176062164,-0.17191016494886
"208","mel234",0.171750073055685,0.534224263301189,0.170827321435334,0.704425592853433,0.0646898864816582,0.742015666607232,0.215109336380079,0.246752370887302,-0.0316430345072226
"209","mel235",0.286084931486281,0.525456404904432,0.328476147881718,0.686436455160382,0.255909689874854,0.698264726424958,0.130315643928771,0.242896443250845,-0.112580799322074
"210","mel236",0.205098480107849,0.64755891214726,0.225307519472136,0.707928818092819,0.125776512669036,0.738560634786257,0.240155260245453,0.307868294555604,-0.0677130343101512
"211","mel237",0.531272287467159,0.499302764442336,0.56738618093211,0.671375494310239,0.551365893470754,0.683099077678835,-0.00852435624897974,0.231483871486866,-0.240008227735845
"212","mel238",0.134072812346159,0.606419287708721,0.147295387382862,0.748367490790737,0.0403112542729605,0.740869820539917,0.265015343272156,0.27601316563189,-0.0109978223597343
"213","mel240",0.225482223254245,0.624792815755911,0.276060740123169,0.706578655846399,0.183281548075432,0.696967054624657,0.249929392933078,0.291325496829182,-0.0413961038961039
"214","mel241",0.186147355864056,0.626173691552022,0.204819529750913,0.691298657626279,0.0828460843817345,0.727145773815457,0.249804575558084,0.296372082406319,-0.0465675068482352
"215","mel243",0.56626561083558,0.606087754361042,0.564036981652953,0.696713056621477,0.591172682095656,0.713889985298401,0.0256191068729534,0.287299535700575,-0.261680428827622
"216","mel244",0.170024398971271,0.614779072156992,0.214238483594748,0.735126366273635,0.105787737429982,0.737993094312114,0.252604230362333,0.291144028955243,-0.0385397985929093
"217","mel245",0.270984439006654,0.599801932143294,0.320683442821563,0.763496166213381,0.235428301539757,0.769469932524562,0.182688577397024,0.281269169794005,-0.0985805923969809
"218","mel246",0.169894468666093,0.579824423069285,0.190883468698405,0.715747348224693,0.0703268807981455,0.715544820989239,0.238996358520361,0.272117429406985,-0.0331210708866247
"219","mel247",0.264068228817132,0.529780656872094,0.276581421779396,0.706076739609347,0.211609317493967,0.728310031959524,0.136019973015912,0.244569674452563,-0.108549701436651
"220","mel248",0.213279711290514,0.501681134084062,0.213483196884667,0.704997307538371,0.132527959142916,0.724471674017414,0.17528349834813,0.230001636810578,-0.054718138462448
"221","mel249",0.192668694149421,0.543555984835443,0.208934452902541,0.687194408172393,0.124362387109188,0.715641933555482,0.218284128493418,0.253910717382526,-0.0356265888891079
"222","mel250",0.188717209120251,0.512279439488513,0.221856665059246,0.658435394225755,0.117229160118149,0.674692692577928,0.18781868586594,0.238461385351583,-0.0506426994856433
"223","mel251",0.218097949674775,0.484886710108411,0.228682412669554,0.661103678002089,0.15884211516178,0.67715421581612,0.145788318908474,0.222318579239948,-0.0765302603314743
"224","mel252",0.158194831313713,0.482536497742951,0.173484623301041,0.629637630279475,0.0686431846752928,0.658539305154473,0.193808426492632,0.216792384871127,-0.0229839583784955
"225","mel253",0.161957004727818,0.545714188939587,0.206724519844322,0.737553542461157,0.0860769177055577,0.753403540989884,0.232718419140671,0.254543843337112,-0.0218254241964408
"226","mel254",0.195333738627867,0.661637600682825,0.223210000753954,0.822990773453708,0.129109027246068,0.836844830099328,0.270112551873336,0.314500447740746,-0.0443878958674103
"227","mel255",0.206452165559355,0.711856460118772,0.256926348756253,0.747763827763339,0.153836040671902,0.782134976543408,0.275082959353124,0.339976885608962,-0.0648939262558383
"228","mel257",0.268652022794977,0.529580941075957,0.302436547202243,0.663825403049824,0.24214994997367,0.671116337351472,0.142569673987808,0.247437586803368,-0.104867912815561
"229","mel258",0.210365663380075,0.595904470181787,0.225132070264145,0.689424739879064,0.11457757873395,0.71180526176987,0.214177865787017,0.28158149781508,-0.067403632028063
"230","mel260",0.184043580122563,0.655814068676237,0.218062213912668,0.787250294949625,0.108143946757673,0.80712901847016,0.260246136732603,0.310601111803056,-0.0503549750704531
"231","mel261",0.340154333875143,0.575823361838914,0.385727670105276,0.758663487402484,0.337749463920748,0.788603260192294,0.127717166067865,0.268831950373089,-0.141114784305224
"232","mel262",0.26523038144555,0.470776509302952,0.287460932736721,0.674500868451002,0.21131469802951,0.662162808830088,0.120620173276657,0.212142402943803,-0.0915222296671462
"233","mel263",0.259734084637915,0.542096659255597,0.261290112331842,0.659163935253143,0.200923504830706,0.660503375073653,0.166184383515442,0.256451267617682,-0.0902668841022408
"234","mel264",0.177569161084598,0.53904516759564,0.198331011698946,0.686491631582791,0.116287757846952,0.737053193639652,0.198843922337191,0.249394983567311,-0.0505510612301204
"235","mel265",0.163819427600783,0.645666636668962,0.217916262925224,0.748594307933705,0.0996902491711388,0.781008034021055,0.252804034988385,0.306223225812736,-0.0534191908243502
"236","mel266",0.15368423454779,0.613521123760519,0.194216000841459,0.713734079016705,0.0950535068454769,0.739878015031604,0.249044004141025,0.289582600597679,-0.0405385964566541
"237","mel267",0.206958010483509,0.729361167386289,0.235044054189367,0.779507479820046,0.144127277202767,0.808717916089461,0.280361573999212,0.34866828625509,-0.0683067122558776
"238","mel268",0.387381966827789,0.572249184774109,0.431227133093971,0.729564210390423,0.379342817838395,0.715759784726216,0.102913353163016,0.268035143360679,-0.165121790197663
"239","mel269",0.332992956333325,0.556354386609409,0.375598334864495,0.693309471948802,0.315798546520121,0.721326906486305,0.113194108666885,0.257123566917284,-0.143929458250399
"240","mel270",0.387173203594795,0.443830956351098,0.417877200780188,0.652542397985851,0.393583439013103,0.665236960427458,0.0325629260550732,0.203547347551634,-0.170984421496561
"241","mel271",0.212894627215357,0.554368789906055,0.238136548621304,0.752814308687591,0.134415873055936,0.773539366094653,0.194533997176658,0.254859559323161,-0.060325562146503
"242","mel272",0.192293766319378,0.672785711376963,0.280538508308229,0.713983957006517,0.164564371357635,0.725615672286576,0.263451545831507,0.319710290880085,-0.0562587450485781
"243","mel273",0.141560713968549,0.542502353437834,0.150397996558562,0.687286469171402,0.0569317829688374,0.721839934204898,0.244293206684201,0.254706465655882,-0.0104132589716809
"244","mel274",0.189968304122279,0.511646244238224,0.209210646068071,0.656918223697515,0.12961576379003,0.676692469387873,0.193436995725055,0.235247688825581,-0.0418106931005262
"245","mel275",0.201313698263735,0.465991227631487,0.186873002903126,0.64425130644607,0.133875840487186,0.680781611843054,0.179195023920333,0.212597660737234,-0.0334026368169008
"246","mel276",0.172515548907206,0.591188026212578,0.220762998633042,0.715902058400656,0.11928628466852,0.753322572064228,0.236196198796241,0.276558416244953,-0.0403622174487122
"247","mel277",0.200741886690058,0.683061429510821,0.250822624772539,0.751306022143774,0.124585280475509,0.763875217234548,0.268511708044992,0.325251307595669,-0.056739599550677
"248","mel278",0.451319796573819,0.584222432013763,0.524176789710157,0.709927058709032,0.473318760498202,0.714900470553448,0.0730021432773553,0.272727474850183,-0.199725331572828
"249","mel280",0.147790891958165,0.486575159720367,0.152271704177209,0.693069878583518,0.0568613993749694,0.714446037909194,0.209639769366261,0.227324720985203,-0.0176849516189425
"250","mel281",0.203990869618256,0.683743584828553,0.254044131301815,0.751928340653475,0.151579502668487,0.76629789394923,0.268721487623986,0.325277564324221,-0.0565560767002345
"251","mel282",0.164739458709071,0.563362650408316,0.21522040116838,0.687062220094514,0.0800407219481808,0.696154954823777,0.231550691235041,0.26291486954535,-0.0313641783103088
"252","mel283",0.181585358968044,0.613389828389753,0.22141035225256,0.707125200088225,0.101796593756953,0.716595988753581,0.248523894629405,0.285749965220422,-0.0372260705910175
"253","mel284",0.151901194920077,0.572331112962914,0.170383094766716,0.687205163319576,0.0516876431463098,0.718156238222085,0.249121248371002,0.270933123900632,-0.0218118755296297
"254","mel285",0.14168432202522,0.71780111749204,0.174774421048342,0.842427742406121,0.0577058458941592,0.823755963623511,0.311529459420428,0.34243273671976,-0.030903277299332
"255","mel286",0.180014519114684,0.738596864127609,0.23262324528135,0.801831183984876,0.119548016348749,0.818205051800654,0.310967491623311,0.352273927979064,-0.0413064363557535
"256","mel287",0.198833572020806,0.58458546683148,0.226476755206428,0.766210372326424,0.134091333019063,0.776934372661577,0.230714581453374,0.272817679417626,-0.0421030979642513
"257","mel288",0.584456064645577,0.511817724059238,0.63211494388049,0.646127765781201,0.625986417707795,0.628221292857361,-0.025655348924583,0.233637558471511,-0.259292907396094
"258","mel290",0.18694310945028,0.617246181632898,0.232412308271161,0.74210060024357,0.156601029969291,0.745551702743278,0.221457764929692,0.290616565158295,-0.0691588002286029
"259","mel291",0.15398209330576,0.588582600418401,0.191270412933719,0.702754766679478,0.0755815516135472,0.711826147240101,0.251624253555509,0.278531905842524,-0.026907652287015
"260","mel292",0.158735755111695,0.656127864132122,0.238263700605699,0.68445967563578,0.109203559106326,0.694047694840917,0.266169185456526,0.30863588037011,-0.0424666949135841
"261","mel293",0.0656738676189878,0.49634942812074,0.099513410322017,0.646631251931038,-0.031706044683976,0.652583470456152,0.251301672826436,0.231847018982556,0.01945465384388
"262","mel294",0.173979491997057,0.667043574163769,0.224668337891251,0.754082791767139,0.0991900695415473,0.760837976030473,0.283193238345263,0.316424176602756,-0.0332309382574937
"263","mel295",0.229145666884323,0.588224692321475,0.230379883409531,0.75858391182375,0.139110444969374,0.773350943831157,0.214078290560315,0.276990170031375,-0.06291187947106
"264","mel296",0.196484550628732,0.5100367519447,0.226781267747331,0.70464783175411,0.122378950542564,0.723344343229066,0.191894219626837,0.236233586633123,-0.0443393670062866
"265","mel297",0.10415557099763,0.464753224037001,0.114762767604638,0.641182183084984,0.0226119126638956,0.69772056303261,0.222196246113844,0.212637045830061,0.00955920028378299
"266","mel299",0.214327262881558,0.45046954999894,0.225921977576337,0.66542284024819,0.169464062067151,0.655171204038759,0.149138691198432,0.203886144049071,-0.0547474528506395
"267","mel300",0.174963689720606,0.544819455629916,0.162714329899376,0.737056148981418,0.0746265036558896,0.749986374815975,0.223051813875869,0.255438054342535,-0.0323862404666654
"268","mel301",0.0134197112167885,0.568193573265713,0.0216106825845754,0.729852143693248,-0.0805539712311791,0.752426790505816,0.295548758091259,0.260693211513406,0.0348555465778531
"269","mel302",0.470926416970174,0.641565165313431,0.544281724737778,0.712292813381089,0.499881404718962,0.70345990527748,0.09967347730055,0.304133698414792,-0.204460221114242
"270","mel303",0.222559918323428,0.598721550222693,0.258933430328141,0.692198156782535,0.178058534384314,0.664184880840001,0.232045177269744,0.281742426151363,-0.0496972488816191
"271","mel304",0.185352614206912,0.687906389050006,0.213804208708374,0.769774741680191,0.100401787237625,0.792771864864192,0.273930353266683,0.327694665585623,-0.0537643123189405
"272","mel307",0.451881592632683,0.468819639724872,0.448790018441484,0.632346621747002,0.426733594393604,0.651403438538425,0.00896963998112377,0.216373124205549,-0.207403484224425
"273","mel309",0.250219294165524,0.499859345946447,0.260050046611969,0.700224831134098,0.186853966093174,0.71154992969395,0.158523743044963,0.231485777217164,-0.072962034172201
"274","mel310",0.256967490242887,0.456183286701195,0.257180300800491,0.649161874792096,0.172581859059052,0.651559421856187,0.119759809385089,0.200100940181455,-0.080341130796366
"275","mel311",0.13571723721525,0.478238350471544,0.139955347480633,0.607285763276941,0.065262901476926,0.6535029129533,0.216868267875088,0.219728268269231,-0.00286000039414303
"276","mel312",0.172889201213794,0.726224738911902,0.234576408008708,0.769685879911532,0.124449711714776,0.781318544932503,0.302120387157383,0.346955881708356,-0.0448354945509726
"277","mel313",0.196272525989946,0.580760948042605,0.226168778619072,0.668750439541668,0.125163211416014,0.6860380212334,0.223288801859691,0.274264552209493,-0.050975750349802
"278","mel314",0.191129846287295,0.567069046562874,0.223354147389202,0.701253038680025,0.124723486244565,0.721753400130971,0.221291010156609,0.265400788845295,-0.0441097786886862
"279","mel315",0.172869748986348,0.551083807033597,0.189961945566069,0.715506215494415,0.10212775651643,0.722585849014202,0.234620649420367,0.256182983141275,-0.0215623337209073
"280","mel316",0.203161513748016,0.587613438596523,0.214027176533687,0.811059898690994,0.150138147165588,0.824774762776003,0.1995347113748,0.276412310255434,-0.0768775988806338
"281","mel317",0.153920652531161,0.692455410329891,0.196616895942128,0.773441912739403,0.105301918610388,0.797316256355886,0.295729958009941,0.329475252927466,-0.0337452949175255
"282","mel318",0.178770714566384,0.659849350863179,0.215090641459214,0.751117895849761,0.121905319410481,0.777240494091586,0.29169469515732,0.311765936510807,-0.0200712413534871
"283","mel319",0.275684174138803,0.560578046931495,0.293632276820523,0.698060405673579,0.229671935470629,0.726110857865136,0.14997167292322,0.263922365629603,-0.113950692706383
"284","mel320",0.113479998961641,0.666556299241401,0.137133043608054,0.827255353148459,0.0444957753476931,0.829038176886281,0.308836973921868,0.315659343509792,-0.00682236958792348
"285","mel321",0.276255064323831,0.563103830956802,0.293317401473428,0.75199685885205,0.212459178880496,0.780173917997231,0.144934783990062,0.260137373509798,-0.115202589519737
"286","mel322",0.168464807430386,0.710073177898829,0.224073104443445,0.847201627131901,0.103826412109335,0.849682140667217,0.294762867984946,0.338198415745228,-0.0434355477602822
"287","mel323",0.0884365404225514,0.762960161126868,0.171779696108463,0.776351982827468,0.0518110200371725,0.791574954207293,0.350044262456748,0.364781024177577,-0.0147367617208285
"288","mel324",0.123380681111022,0.509297362899895,0.148201017747192,0.616361278507243,0.0249956102148224,0.65794237386397,0.233304910350652,0.235755248328304,-0.00245033797765204
"289","mel325",0.216856588154436,0.56966816177888,0.240983834278633,0.701130176903398,0.14461860866503,0.726415013067773,0.219506047604103,0.266908645006701,-0.0474025974025974
"290","mel326",0.166754261006121,0.600885628044166,0.202886388116335,0.741143386251596,0.0916776310092234,0.747667978133274,0.25707434471864,0.282572689317895,-0.025498344599255
"291","mel327",0.187936385546192,0.478168110553018,0.166134814919426,0.654442140402764,0.0731839007179152,0.678809877698055,0.19302140624372,0.220482090476028,-0.0274606842323079
"292","mel328",0.223558754327266,0.633657756835317,0.297053454363857,0.782404125779863,0.173342342136277,0.801022717736726,0.24772871864365,0.299929022133787,-0.0522003034901366
"293","mel329",0.335900506214393,0.508065578675011,0.352879589231871,0.722070630709161,0.306413081342265,0.751174949524986,0.0932515135121488,0.234903810380682,-0.141652296868534
"294","mel331",0.126356089605852,0.549935753195293,0.120921051027397,0.736691485672142,0.0431637786253553,0.775629187038691,0.248642848075032,0.25277765484641,-0.00413480677137734
"295","mel332",0.180999982987461,0.580237259599166,0.199157099527191,0.698449221194181,0.109413002197934,0.696026894318361,0.239236298534191,0.273349378170791,-0.0341130796366002
"296","mel333",0.313244861470892,0.522731887515592,0.335265631795201,0.70581312708822,0.286082690883214,0.696892818086333,0.114690594642325,0.242229861142138,-0.127539266499813
"297","mel334",0.229894042789352,0.690394284125552,0.260604113344601,0.730782735696835,0.182635618031536,0.731093525782086,0.259927466293889,0.329258211421296,-0.0693307451274067
"298","mel335",0.189743240086843,0.640199824476875,0.233439429272552,0.720895547230572,0.123618260913638,0.735565751436027,0.251757146950095,0.303546309987361,-0.0517891630372662
"299","mel336",0.185181068582775,0.585615120634574,0.20876582700446,0.722551049477021,0.100645572295278,0.717489451897548,0.242392540857958,0.274654379929357,-0.032261839071399
"300","mel337",0.0990508628502676,0.525646450087125,0.135018425980041,0.634982267017027,0.0185044575382782,0.673882274777203,0.266285517591175,0.24549077742997,0.0207947401612045
"301","mel338",0.159421791451404,0.613182208123026,0.196818167792172,0.701281560159514,0.0902947887645917,0.722594553723794,0.260336393426769,0.289153176037178,-0.0288167826104093
"302","mel339",0.204878558647742,0.655390645890139,0.242096183744108,0.749204707428191,0.141581645298561,0.77331205913682,0.236413646869017,0.310241564020151,-0.0738279171511341
"303","mel340",0.163483269713933,0.686029860723008,0.215323354748183,0.812818347004376,0.0826379409709373,0.812040606890144,0.290616403830577,0.323273371294069,-0.0326569674634924
"304","mel341",0.201573550678497,0.646822754129346,0.227716090845235,0.762390757104772,0.112672306196091,0.786043118182534,0.275516086709241,0.306999493287488,-0.0314834065782472
"305","mel342",0.357582933642287,0.408436881364207,0.382206864056898,0.59041680669113,0.337187911308026,0.582830400098479,0.0279435841539236,0.184381417943806,-0.156437833789882
"306","mel343",0.189370178831098,0.737462196209131,0.270577406100197,0.770006684332838,0.154382769269424,0.781649744942349,0.300307609189415,0.351689080525363,-0.0513814713359478
"307","mel344",0.201705168481813,0.589903376934508,0.232189481044491,0.694677525165766,0.133863494932954,0.712779013410499,0.220332047086499,0.275551978899754,-0.055219931813255
"308","mel345",0.158886945764786,0.638692552626357,0.232233853388705,0.675439128920555,0.120968596861791,0.701444785341805,0.262927254093226,0.303616610260579,-0.0406893561673531
"309","mel348",0.337197229756834,0.626023416593837,0.408722139954496,0.722885373544731,0.321502739252085,0.723354089206749,0.166144909657372,0.296188708802081,-0.13004379914471
"310","mel349",0.132655585258951,0.656225037016152,0.176228091331,0.718319041803479,0.0564236232607414,0.752900321591814,0.299503515899123,0.312127178276199,-0.0126236623770766
"311","mel350",0.0993147265648315,0.596703378314086,0.169269988186955,0.730282751294089,0.0226436384108745,0.762945263170559,0.283689599171831,0.277195353660135,0.00649424551169608
"312","mel351",0.184411894261625,0.535303691194012,0.230085995193734,0.692985712106489,0.123239658776428,0.70855899084022,0.235783259427925,0.248601776267686,-0.0128185168397611
"313","mel352",0.120250787686153,0.550547666886737,0.138042776169654,0.688071432429373,0.0252161611684239,0.725294918108546,0.255715272141127,0.25632570116582,-0.000610429024693104
"314","mel353",0.182314993380285,0.619139666492627,0.199834917331023,0.805881517350084,0.0978170775393932,0.826378177630928,0.253854985592748,0.289958241214213,-0.036103255621465
"315","mel354",0.241405290725495,0.440831946321011,0.274920522828754,0.682097349663348,0.188154694535163,0.682069012540125,0.117103469643148,0.199756002997502,-0.0826525333543543
"316","mel356",0.204520178001165,0.529812883162257,0.189816398430138,0.698743665757149,0.0973663966311676,0.699138776423324,0.197642788230527,0.247636629745613,-0.0499938415150858
"317","mel358",0.248241444125918,0.677450726606609,0.291735057441795,0.807663851581438,0.178571164868091,0.800758460650093,0.245598721188893,0.321309410347988,-0.0757106891590958
"318","mel359",0.230552869138914,0.593821429554172,0.264501308288925,0.694341950120271,0.168373471598449,0.705291450425602,0.203152983760395,0.281855711230193,-0.0787027274697988
"319","mel360",0.103892790082535,0.630579920622223,0.126684910070682,0.723368233297176,0.0141143472696527,0.758637221950551,0.299264457868307,0.299838182322912,-0.000573724454604574
"320","mel361",0.176845809636839,0.690348836827983,0.259509520672845,0.702688866953202,0.135160344240924,0.73532861599622,0.285654896123841,0.328397244822184,-0.0427423486983426
"321","mel362",0.165259035202836,0.554523202211154,0.160535006879911,0.695642480738781,0.108160543690317,0.704309413893536,0.229669684043868,0.259263913789843,-0.0295942297459748
"322","mel363",0.199956620094708,0.565800409839564,0.240752905405913,0.687489833025724,0.152620091923924,0.704431455057766,0.207005917633259,0.266030315087095,-0.059024397453836
"323","mel364",0.177630414779151,0.628711952978241,0.247229667357827,0.674173381597052,0.129988580708016,0.688888300259952,0.239812518462233,0.297923982112392,-0.0581114636501586
"324","mel365",0.186849343259898,0.586657632719301,0.19013886783673,0.723079608729896,0.111427211995917,0.751541989993453,0.208917568011561,0.276921775488455,-0.0680042074768933
"325","mel366",0.294394353789507,0.462699038076315,0.302106474244264,0.644541610443403,0.246036309711845,0.660549804642916,0.0810973223009472,0.199823550549178,-0.118726228248231
"326","mel368",0.102082107217328,0.588097907834136,0.157347288230547,0.711062625454574,0.0322142796988984,0.753792454675762,0.282310233841155,0.276037940125765,0.0062722937153894
"327","mel369",0.0971649629379735,0.570363191748453,0.111761643528251,0.730539830535213,-0.00759640742194344,0.741627301048855,0.264341013694364,0.260696175982759,0.00364483771160551
"328","mel370",0.300096888208341,0.516567946334235,0.359830782180908,0.680119530572464,0.286723858964426,0.70362548380653,0.114253674410141,0.241614098508046,-0.127360424097905
"329","mel371",0.144360898474337,0.797625956840514,0.204139631510394,0.790622814406419,0.0855787172334814,0.8330963601303,0.362527140767994,0.383137865399963,-0.0206107246319689
"330","mel372",0.124461953276255,0.564886151330534,0.140829087126467,0.712049969866219,0.0274428248555325,0.707939538267061,0.243763877844798,0.258825807569095,-0.015061929724297
"331","mel373",0.180056693317097,0.510874609512395,0.172638516953542,0.707248239647147,0.122677926815353,0.724032504725058,0.183860944135544,0.235361397400033,-0.0515004532644897
"332","mel374",0.208532579926594,0.494003569286023,0.238402719015987,0.596457788584427,0.145421832288886,0.636480425199955,0.151076607606678,0.22916989140937,-0.0780932838026921
"333","mel375",0.38409622715242,0.606557731891395,0.433672179499857,0.740630958882586,0.367328498872061,0.738435709151641,0.117821978497151,0.283748313164001,-0.165926334666851
"334","mel376",0.155518269526001,0.567090162652054,0.206006772050495,0.61823133527388,0.0929437491274076,0.621210875901365,0.241411268734873,0.266542321293847,-0.0251310525589736
"335","mel377",0.273275285931946,0.700961427747747,0.320927189229517,0.772380817059239,0.264848477754017,0.779988387509347,0.220303572844407,0.334479912438045,-0.114176339593639
"336","mel378",0.126972328980792,0.623520243479783,0.191721894919424,0.665412005698002,0.0553238775083611,0.696427244878904,0.287848173221553,0.293724599526659,-0.0058764263051061
"337","mel379",0.18061869246107,0.516993168921115,0.207320917156441,0.690019358594496,0.103288266783779,0.703525624139246,0.202529310778051,0.240316296175051,-0.0377869853970005
"338","mel381",0.128065054436024,0.576547073031973,0.205017208587082,0.680084601260506,0.0838666432878822,0.689539096143603,0.253834721932635,0.267944303549804,-0.0141095816171689
"339","mel382",0.127223772280885,0.580891083614662,0.150042857527965,0.72856001754646,0.0511715084919644,0.746438604935654,0.260084234344341,0.272164225673194,-0.0120799913288532
"340","mel383",0.284630772407342,0.489817365343771,0.302304312504453,0.678127165181172,0.237951848110027,0.688581809251725,0.112101088310733,0.228058215402155,-0.115957127091421
"341","mel384",0.261963037118358,0.66001017789629,0.309896224414914,0.738259192032727,0.214372557919075,0.738289372171646,0.210672456035848,0.313288826766787,-0.102616370730938
"342","mel385",0.126403953577883,0.604791910699051,0.190988390169358,0.680808573215524,0.0486606377735871,0.713406240103728,0.252479802286083,0.280722860441888,-0.0282430581558047
"343","mel386",0.150918071241416,0.52617368514328,0.163856672266884,0.703138959674013,0.0483561778510032,0.736843105910176,0.222717193666573,0.246882595791004,-0.024165402124431
"344","mel387",0.294071851874684,0.644167687472452,0.332808142840822,0.747464265497263,0.277493919323115,0.758670117286051,0.17551219340778,0.304034600439292,-0.128522407031512
"345","mel388",0.146627344394684,0.540247307994307,0.14253065426828,0.723946288087119,0.0642655904035056,0.717513857412404,0.227190545456382,0.251071179238381,-0.0238806337819996
"346","mel389",0.298603446687138,0.567701309586261,0.301759168491449,0.767052199045824,0.271883371821243,0.788476869545973,0.135509482891281,0.263838513496488,-0.128329030605207
"347","mel390",0.318571672662576,0.798251011819546,0.414506557602905,0.81992858669217,0.318403618298952,0.834964176771516,0.253532910606919,0.383327167942906,-0.129794257335987
"348","mel391",0.449097814394418,0.498317071543464,0.472860460780804,0.722963052081737,0.446129404817969,0.73819373727873,0.0250646782399468,0.227218423584132,-0.202153745344186
"349","mel392",0.130150432057334,0.522497659731846,0.15699549023336,0.661922703452144,0.0468003769947615,0.669787333347267,0.232809488485706,0.244925199027061,-0.0121157105413554
"350","mel393",0.195712153972239,0.461005487235876,0.185659831071317,0.670871885420735,0.122736803483311,0.67059432096156,0.169380763731432,0.213159215931736,-0.0437784522003035
"351","mel394",0.2278259340465,0.564318176652469,0.265138874222976,0.706292595394177,0.17840609482686,0.717845469363306,0.191697014862767,0.263831102323106,-0.0721340874603393
"352","mel395",0.166646685585578,0.611508218065754,0.213373499450621,0.672733604244182,0.092177547693738,0.694112819253834,0.248085232110585,0.289811923476882,-0.0417266913662968
"353","mel396",0.156793321462856,0.465177150760404,0.202407275381167,0.613421463759345,0.0768083211513219,0.63011285017629,0.203366433683096,0.209686763580816,-0.00632032989771991
"354","mel397",0.203837585421493,0.525837692457205,0.216470756293841,0.691061765739055,0.132728632904752,0.732757805964936,0.198464845914524,0.245594745605121,-0.0471298996905978
"355","mel399",0.112203894162893,0.754718136426965,0.182962714746653,0.818242343338101,0.0490771722207909,0.835796263505408,0.345589195955045,0.359295273640637,-0.0137060776855921
"356","mel400",0.153886143478942,0.635772567762094,0.20957307827299,0.760719162125314,0.0721678378367201,0.770956381653967,0.279111319192057,0.300879346309098,-0.0217680271170407
"357","mel401",0.1873750630523,0.521134349363792,0.204655848492517,0.69326104576836,0.0942741150065622,0.709527516444608,0.209769669656319,0.239603341295757,-0.029833671639438
"358","mel402",0.459734411711015,0.557490606715674,0.524416814514806,0.614985641567571,0.530653364425761,0.646372573668133,0.055612112110011,0.257674958216863,-0.202062846106852
"359","mel404",0.143825579197397,0.638457776340308,0.219029950782458,0.74927933037962,0.0795485366569576,0.791885707445629,0.2824938584877,0.30164354415863,-0.01914968567093
"360","mel405",0.189943551617626,0.754203104133364,0.270080319852057,0.809240121505118,0.139038898688399,0.815934769511013,0.302636390334465,0.360396574005119,-0.0577601836706542
"361","mel406",0.134111518914296,0.636885911977759,0.156693903741285,0.755024064125794,0.0420421211218803,0.808372615186027,0.314772015146568,0.299428026813202,0.0153439883333661
"362","mel407",0.559760871607222,0.468875170343184,0.59739987829071,0.685093675730197,0.584991153641093,0.678085097645095,-0.0386969913322367,0.215195171133522,-0.253892162465759
"363","mel408",0.41543420452625,0.549886889830969,0.445623142982446,0.72472296990144,0.422715490917346,0.727797928574606,0.0754618287714206,0.258981230462294,-0.183519401690874
"364","mel409",0.222550677039688,0.639926245860868,0.26938468021344,0.725067572425412,0.152697728902365,0.737980487398185,0.240983377603952,0.303691780733448,-0.0627084031294957
"365","mel410",0.198382616259204,0.54748719370583,0.232820857351944,0.732979524522967,0.127190190070242,0.71176738645743,0.208973840036854,0.253327987406934,-0.0443541473700806
"366","mel411",0.1140259320708,0.562213084586853,0.165095696240841,0.649109587651964,0.0527639825709466,0.688669224475056,0.261369197807137,0.264679999296997,-0.00331080148986063
"367","mel412",0.265788224544518,0.577988086726659,0.306594522185684,0.699765891237935,0.235784123642725,0.73764155421345,0.171296907054181,0.271707062149465,-0.100410155095284
"368","mel413",0.208702119071536,0.533025725380003,0.239156559933262,0.706761032154173,0.150931103643516,0.72295631861897,0.178863962617676,0.24698296425337,-0.0681190016356936
"369","mel414",0.211685671037361,0.441413365084423,0.243508226573582,0.63202240363325,0.165777109657899,0.632802268991064,0.134889690228832,0.199577923088537,-0.0646882328597048
"370","mel415",0.235011688860079,0.495489603399656,0.272521195583831,0.639498476959117,0.197844736403826,0.662205767103863,0.138422621474517,0.227434406351249,-0.0890117848767318
"371","mel416",0.223944578412545,0.482271480675025,0.223083422763035,0.673168566322132,0.185145136733263,0.657062093894205,0.160950339415662,0.221861203968408,-0.0609108645527462
"372","mel417",0.23525868890066,0.43276300354661,0.210774312342362,0.676666499978735,0.162525188024158,0.666432444931862,0.141560844432742,0.191142313797974,-0.0495814693652327
"373","mel418",0.130081923403295,0.527575829754644,0.136759215705269,0.669727743509214,0.0528695994444514,0.67751292661036,0.236215927252735,0.243143976441786,-0.00692804918905066
"374","mel419",0.178622636850952,0.56026015887251,0.189233882261733,0.739067702516983,0.0995582878588489,0.771229610280125,0.222488138016744,0.260153678091237,-0.0376655400744931
"375","mel420",0.177235512667746,0.589638717717461,0.223967871009528,0.690939719918285,0.124218932851759,0.728568706528018,0.233106335540783,0.277467873092761,-0.0443615375519776
"376","mel421",0.173090372571343,0.454861677246514,0.171319598197836,0.649418250725975,0.0648168194850533,0.673791738134704,0.188883736099498,0.206499959026799,-0.0176162229273003
"377","mel423",0.429004253499843,0.67552999216079,0.469764596633108,0.771138891131161,0.430016199088666,0.78031325356609,0.124795212976657,0.320885067734949,-0.196089854758292
"378","mel424",0.415931721659163,0.557952660445893,0.479720281148548,0.723788901789993,0.437225844684661,0.723912177571629,0.0757263821445627,0.257969499421823,-0.18224311727726
"379","mel425",0.237827936154237,0.538063975582096,0.239557459883301,0.672099101981023,0.157139293157297,0.67535104781265,0.186136806966072,0.253651538061987,-0.0675147310959148
"380","mel426",0.13296694567291,0.497159809597367,0.167271841530919,0.668327584548693,0.0763174292583698,0.662320158597229,0.222180636102979,0.227787813447638,-0.00560717734465843
"381","mel427",0.162982734299898,0.677268849680684,0.198106418328303,0.771204632811794,0.0780141665392616,0.801706280268618,0.293730720971772,0.322138826523277,-0.0284081055515046
"382","mel428",0.203533063340287,0.572091232401293,0.200343483102794,0.753507942025894,0.107929627566343,0.777399260279048,0.192859254727907,0.270034677938991,-0.0771754232110833
"383","mel429",0.594202263847633,0.653631685398463,0.642393886018607,0.704436419349059,0.640956007202791,0.728048874334458,0.030451247109298,0.310253633645372,-0.279802386536074
"384","mel430",0.167152406970797,0.67902045682804,0.20228301862232,0.756465929169785,0.099374698404486,0.773391068343576,0.283632981612976,0.322944315195933,-0.0393113335829572
"385","mel431",0.0998524597893225,0.681638978416149,0.163812177902706,0.782503486485348,0.0305739704405579,0.81840049304125,0.31572371922882,0.322832088856157,-0.00710836962733774
"386","mel432",0.174692634390583,0.636267116906825,0.175222285996553,0.69330502332029,0.0638146579825441,0.715233425621101,0.265428217948799,0.301996316011586,-0.036568098062787
"387","mel433",0.187245122458051,0.580796451236199,0.238823348113261,0.677801099315364,0.126592834815001,0.705956301159802,0.230375429815731,0.272539866289727,-0.0421644364739965
"388","mel434",0.236631609624835,0.463853274252093,0.261154185125169,0.688742417003043,0.18385227051521,0.689513241889021,0.123633075157735,0.208376044631357,-0.084742969473622
"389","mel435",0.173330601746439,0.71457768314756,0.231667049149443,0.814091215034592,0.109276234602422,0.813244525970565,0.298458676134591,0.340017117693033,-0.0415584415584416
"390","mel436",0.293329979098712,0.560072447983962,0.340619450028289,0.654362118923232,0.263118565850786,0.629264737494298,0.158338607083835,0.26356789979416,-0.105229292710325
"391","mel437",0.206896314654949,0.512969702972627,0.224433391933754,0.773816015057971,0.113022193514694,0.77309916670131,0.185131126299806,0.237021288489664,-0.0518901621898588
"392","mel439",0.224464625194254,0.590668802844903,0.238327930654503,0.732151794593367,0.131460635941805,0.737321967244387,0.225953985345423,0.279210345828642,-0.0532563604832194
"393","mel440",0.401922927764366,0.555385324143027,0.456032198753216,0.682707360016961,0.40482515463499,0.673190333285383,0.0901531747548022,0.258340905082138,-0.168187730327336
"394","mel441",0.391200286610889,0.51752188495295,0.450209543310102,0.6453285013349,0.403121866152406,0.624720447657787,0.0679647896561183,0.238872599600347,-0.170907809944229
"395","mel442",0.529728781260032,0.550318656107174,0.582186280871599,0.682565253647441,0.564520514386098,0.660199383302938,0.0247016361511572,0.255531011631519,-0.230829375480362
"396","mel444",0.189110877159029,0.544758008026512,0.23803511661265,0.790249100014631,0.120252319570646,0.793152657173492,0.211386398855678,0.251234013304962,-0.0398476144492836
"397","mel445",0.111126372283944,0.52176849872331,0.156151007151495,0.658416278959777,0.0323285833918509,0.68358609423661,0.231753377150639,0.244384183370216,-0.0126308062195771
"398","mel446",0.228772813446151,0.561699086609526,0.274742349192771,0.711674402684604,0.198194139505928,0.747856360347618,0.172140280300598,0.26213224963627,-0.089991969335672
"399","mel449",0.181239496341568,0.532886623186783,0.207397046517819,0.719046580928633,0.115928753413099,0.753212398724937,0.196620387426282,0.243503947720312,-0.0468835602940306
"400","mel451",0.161886966783883,0.643217703376619,0.207425576917881,0.759143121658892,0.0916076832629504,0.773958005333959,0.276889690496343,0.304532419542714,-0.0276427290463709
"401","mel452",0.182472570752168,0.600298536797213,0.204175196282682,0.809177068259565,0.0933955767122741,0.810569737618691,0.233901705554089,0.278602206115743,-0.0447005005616539
"402","mel453",0.202985932255764,0.50580828173473,0.226639148395837,0.666448377505655,0.137860272438917,0.682893602086143,0.183504288738935,0.233016290394336,-0.0495120016554007
"403","mel454",0.160985177816684,0.629903424086341,0.179870244421324,0.750490178902657,0.0798033998806135,0.761761903492957,0.265082430871527,0.297897301888219,-0.032814871016692
"404","mel455",0.248501543465688,0.647520288832755,0.314407098358102,0.708423175660487,0.222973037393208,0.693227615951889,0.23542154208729,0.307710330688674,-0.0722887886013834
"405","mel456",0.261912840609625,0.443534408560175,0.277790170136513,0.576282229354674,0.223489062023087,0.59215648421875,0.128526936210276,0.203907530577972,-0.0753805943676961
"406","mel457",0.208683518578885,0.535876968688144,0.218989872590907,0.696496104385446,0.159456326801749,0.70950194720701,0.187794676186156,0.250373258453661,-0.0625785822675049
"407","mel459",0.169979095345655,0.444551419567314,0.189043307864569,0.681825537198426,0.0996071124345227,0.695537708229916,0.162189508503049,0.19545074650632,-0.0332612380032714
"408","mel460",0.211577199797284,0.511321914038865,0.201079812121152,0.659530535826625,0.111391289113685,0.681948997240882,0.180097298402305,0.237684059137776,-0.0575867607354709
"409","mel462",0.253987664660218,0.694149870287649,0.321689241014747,0.773565663197286,0.246511496868069,0.774260291963367,0.227298708181425,0.330383862784031,-0.103085154602605
"410","mel463",0.134583980235696,0.715073495572134,0.16892349487604,0.860882359354179,0.0326420572180522,0.861035183537136,0.343783079232831,0.34040059297857,0.00338248625426174
"411","mel464",0.143805413275239,0.609143844654139,0.231989855160802,0.67250270360539,0.100101960745329,0.683727163642653,0.264912498123165,0.285412862705472,-0.0205003645823069
"412","mel465",0.159735362027245,0.587729224521624,0.208438154229569,0.720036162537111,0.0800610293082314,0.7629285231791,0.244471838192343,0.275815816672133,-0.0313439784797903
"413","mel466",0.263765430129932,0.678555385272167,0.336515355965451,0.733942773902377,0.239645764468935,0.751062417765542,0.211005090451813,0.322025329696635,-0.111020239244822
"414","mel467",0.0942738497543655,0.735330499418103,0.170849391958988,0.804341496295021,0.0279440941711575,0.82894146833959,0.352204614775175,0.349744176882263,0.00246043789291139
"415","mel468",0.280283590785262,0.606720899586283,0.305537832447001,0.745269090218763,0.238566562001961,0.73557743530266,0.176217464023938,0.286069069171446,-0.109851605147508
"416","mel469",0.61091287756163,0.509475751232643,0.668382282299517,0.628692322128344,0.660008361486787,0.611289259808911,-0.0365681211574362,0.234852567410445,-0.271420688567881
"417","mel470",0.107604717345778,0.428791875769259,0.126911051213788,0.653577813910944,0.025002265257684,0.701144223854414,0.178254110466287,0.192990872187116,-0.0147367617208285
