"","V1","V2","V3","V4","V5","V6","V7","V8"
"cell_type","B cell","Cancer associated fibroblast","T cell CD4+","T cell CD8+","Endothelial cell","Macrophage","NK cell","uncharacterized cell"
"mel354","1.025579e-10","2.353855e-02","1.045116e-07","7.382235e-08","1.096048e-01","5.624555e-03","3.814432e-05","8.611937e-01"
"mel432","5.479552e-02","2.225976e-02","2.640453e-01","1.779707e-01","1.133828e-01","1.568347e-02","4.243849e-11","3.518624e-01"
"mel243","6.988778e-02","1.976871e-02","2.511736e-01","9.669438e-02","1.498643e-01","1.185345e-02","5.487604e-10","4.007578e-01"
"mel321","5.082280e-09","2.671251e-02","5.343004e-02","3.707480e-08","1.786378e-01","7.351363e-03","6.497756e-07","7.338675e-01"
"mel218","1.586768e-05","2.362098e-02","1.519758e-01","9.125375e-05","1.221051e-01","1.031969e-02","4.908923e-09","6.918713e-01"
"mel302","2.912382e-02","2.620097e-02","2.607680e-01","1.660340e-01","2.075935e-01","1.453858e-02","4.277598e-09","2.957411e-01"
"mel383","2.379470e-09","2.032216e-02","1.621568e-01","2.755524e-02","1.028785e-01","1.161366e-02","3.095212e-09","6.754736e-01"
"mel428","2.170585e-02","1.912937e-02","1.912476e-01","5.984125e-02","1.193831e-01","1.058645e-02","2.881960e-09","5.781064e-01"
"mel375","7.514271e-09","1.670616e-02","2.418829e-01","4.290063e-02","1.162844e-01","1.602388e-02","2.874051e-07","5.662017e-01"
"mel227","8.211786e-09","2.850303e-02","1.310815e-01","3.198236e-09","1.963273e-01","1.327962e-02","4.665012e-05","6.307618e-01"
"mel271","1.416792e-09","1.674721e-02","1.391327e-01","1.106642e-07","9.795760e-02","1.077802e-02","6.315170e-07","7.353837e-01"
"mel260","8.032422e-10","2.478761e-02","1.787130e-01","1.169728e-08","1.859885e-01","1.232258e-02","2.251059e-06","5.981861e-01"
"mel165","2.981748e-03","2.299630e-02","2.370290e-01","5.793548e-02","1.337125e-01","1.462914e-02","2.617203e-08","5.307157e-01"
"mel092","5.899655e-06","2.436160e-02","9.858915e-02","1.793030e-07","1.354029e-01","1.097668e-02","4.512247e-10","7.306636e-01"
"mel265","5.756868e-02","2.795869e-02","2.437603e-01","1.008257e-01","1.738406e-01","1.320693e-02","9.120124e-10","3.828392e-01"
"mel142","9.339472e-09","2.921777e-02","9.379274e-02","6.433587e-08","1.880328e-01","9.697403e-03","3.475656e-08","6.792592e-01"
"mel004","8.181303e-09","3.069388e-02","2.641792e-01","2.464271e-02","1.358698e-01","1.446739e-02","1.959118e-09","5.301470e-01"
"mel342","2.171188e-07","2.057945e-02","4.481901e-02","3.255573e-05","1.102071e-01","6.486456e-03","4.019743e-04","8.174732e-01"
"mel245","3.748271e-02","2.182766e-02","2.306210e-01","2.182845e-02","1.305599e-01","1.444583e-02","8.506513e-09","5.432345e-01"
"mel270","1.411710e-02","2.177562e-02","1.591255e-01","1.006865e-07","1.262210e-01","8.372165e-03","1.171947e-05","6.703769e-01"
"mel281","8.913646e-02","2.541454e-02","2.854767e-01","1.551778e-01","1.442888e-01","1.503496e-02","1.860078e-09","2.854707e-01"
"mel374","8.338523e-06","2.069765e-02","1.152135e-01","4.368997e-05","1.321669e-01","1.064906e-02","4.786691e-11","7.212209e-01"
"mel370","1.133161e-02","1.868691e-02","2.455655e-01","5.561815e-02","1.129744e-01","1.122679e-02","1.750239e-09","5.445966e-01"
"mel363","6.774721e-03","2.529394e-02","2.034516e-01","1.321277e-01","1.527854e-01","1.319312e-02","5.500917e-09","4.663735e-01"
"mel080","1.382077e-07","2.572793e-02","1.809263e-01","2.842286e-08","1.181448e-01","1.045817e-02","2.192077e-10","6.647426e-01"
"mel348","0.0242096947","0.0241693224","0.2317693870","0.1422732549","0.1915269185","0.0154738790","0.0006263602","0.3699511833"
"mel018","2.788258e-08","1.906642e-02","1.571915e-01","5.062320e-02","1.410093e-01","1.213839e-02","3.703675e-09","6.199711e-01"
"mel136","3.498134e-06","1.706029e-02","1.405958e-01","1.607790e-08","1.465646e-01","1.216916e-02","4.407148e-10","6.836066e-01"
"mel054","6.657567e-02","2.241962e-02","3.314250e-01","9.495904e-02","1.495297e-01","1.200379e-02","4.489908e-10","3.230872e-01"
"mel194","3.608715e-02","3.058388e-02","2.180182e-01","1.225411e-02","2.162620e-01","1.072670e-02","1.499926e-10","4.760680e-01"
"mel444","7.632439e-05","1.572886e-02","2.974921e-01","1.194243e-07","8.426519e-02","1.161721e-02","1.933085e-09","5.908202e-01"
"mel117","5.742221e-02","2.598800e-02","2.809781e-01","1.791844e-01","1.960313e-01","1.677057e-02","6.728068e-10","2.436254e-01"
"mel015","5.013596e-02","2.845097e-02","2.737698e-01","3.187173e-02","1.896501e-01","1.554569e-02","9.726042e-10","4.105758e-01"
"mel131","3.762485e-02","2.154473e-02","2.085707e-01","9.575121e-02","1.450526e-01","1.500412e-02","3.958576e-09","4.764517e-01"
"mel206","1.404915e-03","2.078866e-02","2.324288e-01","5.468393e-02","1.166650e-01","1.071125e-02","5.897975e-09","5.633174e-01"
"mel147","5.327955e-02","1.808818e-02","2.630260e-01","1.955578e-01","1.430909e-01","1.718321e-02","5.175861e-10","3.097744e-01"
"mel425","1.894456e-08","2.583292e-02","1.330168e-01","1.412298e-01","1.110859e-01","1.203360e-02","6.344536e-10","5.768010e-01"
"mel341","3.636268e-02","2.862744e-02","2.574008e-01","1.017194e-01","1.605789e-01","1.265708e-02","1.170075e-09","4.026537e-01"
"mel112","6.232800e-02","2.438210e-02","3.556598e-01","1.645612e-01","2.007453e-01","1.686619e-02","1.073313e-08","1.754574e-01"
"mel226","8.883345e-02","2.216961e-02","3.565447e-01","2.384137e-01","1.892756e-01","1.738530e-02","7.774040e-10","8.737770e-02"
"mel399","6.993398e-09","2.951386e-02","2.827531e-01","6.212199e-02","1.679944e-01","1.559139e-02","2.284000e-12","4.420252e-01"
"mel189","1.127800e-01","1.854361e-02","3.651219e-01","1.257798e-01","1.739763e-01","1.394852e-02","1.616282e-10","1.898499e-01"
"mel212","7.262154e-03","2.064217e-02","2.226148e-01","1.032954e-01","1.122589e-01","1.486382e-02","1.480849e-09","5.190627e-01"
"mel060","1.068598e-01","2.817432e-02","3.277209e-01","5.980140e-02","1.946112e-01","1.140984e-02","1.307497e-09","2.714225e-01"
"mel280","4.442298e-02","2.076632e-02","1.475322e-01","8.510551e-09","1.231329e-01","7.713756e-03","9.075191e-10","6.564318e-01"
"mel012","7.785823e-02","1.937530e-02","2.535844e-01","1.325488e-01","1.342083e-01","1.441834e-02","3.683666e-09","3.680067e-01"
"mel025","7.299109e-03","2.336677e-02","1.995929e-01","1.347272e-07","1.325193e-01","1.140679e-02","1.874988e-09","6.258150e-01"
"mel338","3.355607e-02","2.128255e-02","2.639345e-01","2.062926e-01","1.579045e-01","1.447982e-02","8.382920e-10","3.025500e-01"
"mel228","1.703927e-02","2.662080e-02","1.582243e-01","7.029649e-08","1.946268e-01","1.364720e-02","5.618878e-10","5.898415e-01"
"mel304","7.053310e-02","2.580071e-02","2.180466e-01","1.288958e-01","1.700418e-01","1.376090e-02","9.156383e-10","3.729211e-01"
"mel344","4.259025e-02","2.307022e-02","2.704498e-01","1.719619e-01","1.529274e-01","1.656005e-02","2.785379e-09","3.224403e-01"
"mel225","3.640678e-02","2.267352e-02","2.356071e-01","1.222149e-01","1.295153e-01","1.538931e-02","5.587739e-10","4.381931e-01"
"mel140","6.590902e-02","3.099198e-02","2.776481e-01","1.327834e-01","2.338175e-01","1.264567e-02","1.628814e-08","2.462043e-01"
"mel118","2.938232e-09","2.817406e-02","1.647439e-01","5.399696e-08","1.757175e-01","1.231361e-02","3.896027e-06","6.190470e-01"
"mel328","1.002533e-02","2.018605e-02","2.895510e-01","8.874269e-02","1.561926e-01","1.900948e-02","4.859324e-10","4.162929e-01"
"mel466","4.700507e-02","2.613886e-02","2.875054e-01","2.497036e-01","1.631343e-01","1.803844e-02","3.155058e-11","2.084744e-01"
"mel020","9.899188e-08","2.688439e-02","1.415986e-01","3.885242e-08","1.466592e-01","1.273529e-02","1.896935e-08","6.721224e-01"
"mel364","5.635980e-02","2.095911e-02","2.126260e-01","1.365805e-01","1.482197e-01","1.567219e-02","4.343919e-10","4.095827e-01"
"mel056","9.407490e-02","2.241361e-02","3.285039e-01","9.198960e-02","1.716038e-01","1.535172e-02","3.518199e-10","2.760625e-01"
"mel034","6.456183e-10","1.855928e-02","9.991608e-03","3.425311e-08","1.464740e-01","5.395928e-03","1.292875e-06","8.195778e-01"
"mel238","1.445829e-06","2.166663e-02","1.598051e-01","2.387526e-08","1.295816e-01","1.007371e-02","1.416289e-09","6.788715e-01"
"mel294","7.788035e-02","2.491363e-02","2.705860e-01","1.682405e-01","1.688580e-01","1.575688e-02","4.462205e-11","2.737646e-01"
"mel451","3.023686e-02","3.014877e-02","2.498734e-01","3.016973e-02","1.612836e-01","1.256907e-02","2.991930e-10","4.857186e-01"
"mel287","1.465904e-08","2.284889e-02","1.984923e-01","5.082201e-06","1.421186e-01","1.342823e-02","9.652689e-09","6.231069e-01"
"mel343","5.235149e-02","2.773764e-02","2.620189e-01","2.283006e-01","1.602339e-01","2.040949e-02","3.165216e-09","2.489479e-01"
"mel320","8.826555e-11","2.730887e-02","1.674929e-01","8.527456e-02","1.251623e-01","1.159487e-02","1.260289e-05","5.831539e-01"
"mel395","1.351485e-01","2.054820e-02","4.114462e-01","1.219480e-01","1.535115e-01","1.414832e-02","2.727702e-09","1.432493e-01"
"mel378","5.978151e-02","2.417548e-02","2.899499e-01","1.884218e-01","1.288906e-01","1.605547e-02","1.869428e-09","2.927252e-01"
"mel252","8.032141e-02","1.258076e-02","2.025156e-01","7.371602e-02","1.341532e-01","1.499960e-02","9.484378e-10","4.817134e-01"
"mel336","4.836222e-02","1.677202e-02","2.507848e-01","3.926779e-02","1.233900e-01","1.760266e-02","1.571450e-09","5.038205e-01"
"mel301","5.574536e-10","2.242768e-02","3.121684e-02","5.662430e-08","1.310304e-01","3.620164e-03","3.309019e-10","8.117049e-01"
"mel457","5.722025e-02","1.929573e-02","2.640532e-01","4.335485e-02","9.843429e-02","1.045357e-02","1.148727e-09","5.071881e-01"
"mel093","4.649874e-08","2.485057e-02","5.319104e-02","2.513554e-07","1.195936e-01","9.508526e-03","4.671510e-05","7.928092e-01"
"mel254","2.132820e-02","2.603836e-02","2.278910e-01","9.061630e-02","1.450328e-01","1.167744e-02","2.182657e-09","4.774158e-01"
"mel074","1.454002e-08","2.378765e-02","2.491711e-01","9.125789e-02","1.228500e-01","1.673313e-02","9.228997e-10","4.962002e-01"
"mel065","8.404156e-02","2.470520e-02","3.235785e-01","8.451962e-02","1.370889e-01","1.342352e-02","1.622868e-10","3.326428e-01"
"mel029","9.106743e-07","2.276987e-02","1.616689e-01","1.012904e-01","1.586739e-01","1.446520e-02","6.002164e-11","5.411308e-01"
"mel069","3.795522e-09","2.349101e-02","5.196342e-02","4.742247e-08","1.095301e-01","7.233148e-03","2.680499e-09","8.077823e-01"
"mel411","1.158642e-02","2.173156e-02","2.122003e-01","1.113744e-01","1.344701e-01","1.375394e-02","2.073379e-11","4.948833e-01"
"mel277","7.771948e-02","2.944186e-02","2.758808e-01","1.402508e-01","1.887404e-01","1.305310e-02","1.777540e-09","2.749136e-01"
"mel300","2.255478e-02","2.032016e-02","2.185909e-01","3.011281e-08","1.346848e-01","1.164899e-02","7.326503e-09","5.922003e-01"
"mel376","8.859470e-02","1.819878e-02","3.599281e-01","1.631543e-01","1.355408e-01","1.513609e-02","1.432764e-09","2.194472e-01"
"mel005","8.053216e-03","2.909772e-02","2.758375e-01","8.425569e-02","2.051821e-01","1.271882e-02","1.654998e-10","3.848550e-01"
"mel107","2.718943e-08","3.220552e-02","1.534522e-01","8.933112e-08","2.056162e-01","1.147151e-02","9.066242e-05","5.971638e-01"
"mel283","3.988890e-02","2.072504e-02","2.586571e-01","2.071596e-01","1.099948e-01","1.783790e-02","1.082287e-09","3.457367e-01"
"mel417","2.589375e-09","1.712481e-02","8.706177e-02","4.828368e-08","1.183757e-01","6.535185e-03","1.727021e-05","7.708852e-01"
"mel297","6.516783e-09","2.347917e-02","6.813213e-03","1.254063e-08","1.642066e-01","5.572291e-03","7.538023e-07","7.999279e-01"
"mel326","6.506857e-02","2.152865e-02","2.422920e-01","8.078320e-02","1.164071e-01","1.298157e-02","1.228716e-09","4.609389e-01"
"mel040","6.594533e-07","1.908785e-02","1.066233e-01","2.545346e-02","1.276992e-01","7.770510e-03","2.916608e-09","7.133650e-01"
"mel382","7.966203e-03","2.180057e-02","2.004655e-01","1.540331e-02","1.309844e-01","1.261570e-02","4.946141e-10","6.107644e-01"
"mel275","9.841629e-05","1.853119e-02","9.772335e-02","1.503755e-07","1.537904e-01","1.090630e-02","3.461167e-09","7.189502e-01"
"mel396","6.007514e-02","1.215549e-02","2.549704e-01","1.509741e-01","1.008576e-01","1.638738e-02","1.998952e-09","4.045799e-01"
"mel325","5.692589e-02","2.388394e-02","2.063090e-01","1.495494e-01","1.278348e-01","1.607655e-02","7.228911e-10","4.194204e-01"
"mel409","9.041926e-02","2.551564e-02","2.594389e-01","7.996950e-02","1.631592e-01","1.370765e-02","5.085839e-10","3.677899e-01"
"mel103","3.870776e-02","2.437456e-02","2.536446e-01","8.916764e-02","1.182778e-01","1.337806e-02","3.588047e-10","4.624496e-01"
"mel208","2.894382e-07","2.535302e-02","1.927519e-01","6.382283e-08","1.337177e-01","1.237709e-02","8.051218e-11","6.357999e-01"
"mel273","1.254428e-07","2.619115e-02","1.787290e-01","4.701919e-02","1.060579e-01","1.357469e-02","2.683816e-04","6.281596e-01"
"mel052","3.576568e-09","2.248822e-02","2.193752e-01","3.681196e-08","1.363297e-01","1.712864e-02","3.186748e-07","6.046779e-01"
"mel163","1.263359e-09","2.130978e-02","1.076847e-01","1.981237e-02","1.656607e-01","7.083554e-03","1.058961e-06","6.784479e-01"
"mel039","5.238726e-02","2.356609e-02","2.700588e-01","2.331045e-01","1.339189e-01","1.993166e-02","5.195970e-09","2.670329e-01"
"mel210","9.374385e-09","1.317652e-02","1.400423e-01","1.874513e-08","1.014454e-01","1.084696e-02","3.016489e-07","7.344885e-01"
"mel171","3.255358e-06","1.726698e-02","9.178927e-02","2.164964e-08","7.079550e-02","1.171638e-02","3.248969e-10","8.084286e-01"
"mel175","7.107313e-09","2.768827e-02","1.033065e-01","1.209088e-07","1.427490e-01","1.018782e-02","5.506259e-06","7.160628e-01"
"mel319","4.946369e-02","1.608398e-02","2.174126e-01","1.295676e-01","1.201380e-01","1.554099e-02","3.718561e-10","4.517931e-01"
"mel157","5.580452e-02","1.835141e-02","2.916002e-01","1.558920e-01","1.322856e-01","1.600281e-02","6.528646e-10","3.300634e-01"
"mel008","6.441514e-09","2.713405e-02","1.226063e-01","9.065620e-08","1.641146e-01","1.222762e-02","1.514377e-08","6.739173e-01"
"mel046","7.194917e-02","2.816768e-02","3.219572e-01","3.173301e-02","2.182518e-01","1.436037e-02","3.025337e-10","3.135807e-01"
"mel427","3.552185e-02","2.635421e-02","2.916700e-01","8.327007e-02","1.729597e-01","1.603501e-02","8.010523e-11","3.741891e-01"
"mel036","2.550470e-02","2.263452e-02","2.304497e-01","6.684847e-02","1.547142e-01","1.353404e-02","2.968174e-10","4.863144e-01"
"mel122","3.137421e-07","3.015989e-02","2.555146e-01","1.777793e-02","1.936391e-01","1.636759e-02","2.439126e-09","4.865406e-01"
"mel213","4.917477e-02","2.839778e-02","2.925096e-01","1.093307e-01","1.742666e-01","1.660547e-02","2.009451e-09","3.297150e-01"
"mel182","4.151119e-09","2.860199e-02","2.054651e-01","5.212733e-02","1.557794e-01","1.256137e-02","1.165060e-09","5.454648e-01"
"mel076","3.883460e-09","1.678326e-02","1.486605e-01","6.208313e-09","1.346235e-01","1.589556e-02","1.979671e-07","6.840370e-01"
"mel310","5.017710e-09","1.685628e-02","1.230499e-01","7.889290e-09","1.486069e-01","1.056851e-02","7.199052e-05","7.008465e-01"
"mel097","1.070590e-01","2.066108e-02","3.633712e-01","1.533640e-01","1.290768e-01","1.558409e-02","5.205976e-08","2.108838e-01"
"mel412","1.096151e-09","2.529278e-02","2.089897e-01","5.469534e-02","1.609758e-01","9.783310e-03","2.672874e-09","5.402630e-01"
"mel164","9.274569e-02","4.168855e-02","3.137775e-01","2.191774e-01","2.464996e-01","2.302797e-02","6.671667e-05","6.301654e-02"
"mel397","7.482145e-03","1.922492e-02","1.707898e-01","4.774185e-02","1.091088e-01","1.152868e-02","1.043838e-09","6.341239e-01"
"mel186","1.596144e-09","2.470473e-02","1.698423e-01","3.624604e-09","1.382506e-01","1.325919e-02","2.816234e-04","6.536615e-01"
"mel180","6.047529e-02","2.152104e-02","3.070080e-01","2.365701e-01","1.430704e-01","1.800388e-02","2.102671e-09","2.133512e-01"
"mel032","7.488516e-02","1.912644e-02","1.996858e-01","1.016642e-01","1.400358e-01","1.452215e-02","1.158197e-09","4.500804e-01"
"mel324","2.663095e-02","2.251960e-02","1.672869e-01","8.693753e-02","1.365780e-01","1.316839e-02","7.814489e-10","5.468786e-01"
"mel116","2.591848e-05","2.187015e-02","2.262525e-01","2.750438e-02","1.462309e-01","1.358572e-02","8.788468e-11","5.645305e-01"
"mel058","3.988639e-09","1.866148e-02","1.597419e-01","6.310185e-07","1.516326e-01","9.979219e-03","2.320329e-06","6.599819e-01"
"mel421","4.329961e-09","2.012226e-02","8.859532e-02","3.148355e-02","1.410243e-01","1.002048e-02","1.188553e-06","7.087529e-01"
"mel143","2.131325e-06","1.441243e-02","1.017550e-02","1.702324e-09","1.905899e-01","6.111552e-03","2.127065e-03","7.765814e-01"
"mel268","1.901143e-09","2.831607e-02","2.053653e-01","2.187704e-02","1.823738e-01","1.327525e-02","1.230250e-08","5.487925e-01"
"mel264","3.473129e-02","2.594966e-02","2.236449e-01","2.828831e-02","1.067385e-01","8.493741e-03","5.788077e-08","5.721535e-01"
"mel166","5.498983e-07","2.019561e-02","1.877636e-01","5.818418e-02","1.419664e-01","1.244497e-02","1.490032e-09","5.794447e-01"
"mel144","1.678098e-05","2.545345e-02","2.125810e-01","3.539441e-05","1.725793e-01","1.336134e-02","8.620576e-08","5.759726e-01"
"mel146","7.393279e-03","2.100241e-02","2.042774e-01","4.165780e-02","1.317372e-01","1.313662e-02","5.467871e-10","5.807952e-01"
"mel408","3.586811e-08","2.450808e-02","1.967604e-01","2.482983e-02","1.372933e-01","1.194107e-02","2.783947e-09","6.046673e-01"
"mel429","2.733431e-02","2.396198e-02","2.677075e-01","9.605267e-02","1.896310e-01","1.040074e-02","1.237472e-09","3.849117e-01"
"mel172","5.943805e-03","2.317008e-02","2.254077e-01","7.457365e-02","1.528950e-01","1.045628e-02","2.454929e-09","5.075535e-01"
"mel013","4.600864e-10","1.973746e-02","2.507411e-01","3.013406e-07","1.295546e-01","1.451812e-02","2.724409e-05","5.854212e-01"
"mel096","1.493863e-10","2.759905e-02","1.889786e-01","4.392951e-02","1.354397e-01","1.243042e-02","1.334119e-09","5.916227e-01"
"mel262","9.232330e-03","2.215538e-02","6.298347e-02","1.081312e-10","1.765421e-01","1.102495e-02","3.400328e-04","7.177218e-01"
"mel251","1.425757e-04","2.091532e-02","1.384554e-01","9.849651e-09","7.278657e-02","9.283904e-03","6.233611e-10","7.584162e-01"
"mel183","3.524870e-04","1.625845e-02","9.828364e-02","5.491775e-02","8.113430e-02","9.604082e-03","4.717238e-11","7.394493e-01"
"mel204","2.169313e-08","2.519642e-02","1.862388e-01","9.007618e-06","1.178476e-01","1.340382e-02","3.361023e-05","6.572707e-01"
"mel188","2.375609e-10","2.726269e-02","2.071482e-01","1.934586e-02","1.416341e-01","1.237105e-02","6.518161e-06","5.922316e-01"
"mel248","2.530446e-02","1.905553e-02","1.519748e-01","9.540549e-02","9.497537e-02","1.119689e-02","1.819992e-09","6.020874e-01"
"mel154","1.385675e-08","2.179595e-02","1.621953e-01","5.583684e-08","1.301513e-01","1.101519e-02","1.125077e-08","6.748422e-01"
"mel133","5.767003e-02","2.281375e-02","2.468357e-01","6.462971e-02","1.594261e-01","9.555256e-03","1.200606e-08","4.390694e-01"
"mel106","1.205441e-09","2.476465e-02","1.388256e-01","5.146049e-08","1.079293e-01","7.639707e-03","5.488935e-06","7.208352e-01"
"mel413","1.130517e-08","2.364979e-02","2.036809e-01","1.953110e-02","9.119797e-02","1.015499e-02","2.967776e-09","6.517852e-01"
"mel181","5.741782e-02","1.879771e-02","2.471016e-01","1.347720e-01","1.075400e-01","1.651557e-02","1.076685e-10","4.178554e-01"
"mel420","3.916763e-02","2.516229e-02","1.499032e-01","1.329391e-01","1.336341e-01","1.091007e-02","7.262027e-11","5.082835e-01"
"mel407","5.087300e-07","2.059031e-02","1.660634e-01","1.140443e-09","1.487308e-01","7.931075e-03","1.356565e-09","6.566839e-01"
"mel339","8.774587e-02","2.646830e-02","2.608998e-01","1.320737e-01","1.200240e-01","1.272964e-02","1.374794e-10","3.600586e-01"
"mel414","2.615982e-02","1.939245e-02","9.141888e-02","6.802569e-02","1.374520e-01","1.152939e-02","1.158870e-08","6.460218e-01"
"mel442","0.0214127332","0.0218699665","0.2759226652","0.1332713179","0.1647943353","0.0144096429","0.0006422133","0.3676771258"
"mel214","2.065645e-10","2.841624e-02","1.310642e-01","5.831997e-02","1.385743e-01","1.309887e-02","1.482108e-08","6.305264e-01"
"mel121","1.766231e-02","2.189172e-02","2.240553e-01","9.066975e-02","1.223177e-01","1.049252e-02","4.176742e-10","5.129107e-01"
"mel434","2.851639e-10","1.706093e-02","1.816832e-01","2.076309e-02","4.168975e-02","9.374366e-03","8.067822e-06","7.294206e-01"
"mel114","2.136747e-03","1.763739e-02","2.195049e-01","2.255060e-02","1.060479e-01","9.229356e-03","2.391777e-10","6.228931e-01"
"mel368","3.635729e-02","2.380587e-02","2.440437e-01","1.677430e-01","1.257005e-01","1.613297e-02","2.060780e-12","3.862167e-01"
"mel145","2.622825e-02","2.533506e-02","2.414060e-01","5.713447e-02","1.800765e-01","1.110808e-02","2.319739e-06","4.587093e-01"
"mel017","1.678664e-02","2.889905e-02","2.469279e-01","2.328143e-08","2.117289e-01","1.242208e-02","1.354703e-08","4.832354e-01"
"mel038","4.157051e-09","2.145645e-02","5.871496e-02","8.516329e-09","1.152965e-01","3.920731e-03","1.776713e-08","8.006114e-01"
"mel315","4.505181e-02","2.511185e-02","2.271299e-01","2.846640e-08","1.738720e-01","8.835867e-03","1.754832e-08","5.199985e-01"
"mel222","1.426786e-04","2.285378e-02","1.496594e-01","6.921850e-03","1.552205e-01","7.356613e-03","3.003689e-07","6.578449e-01"
"mel288","5.855840e-09","3.097189e-02","1.327227e-01","1.284418e-09","2.158786e-01","1.146717e-02","1.364244e-04","6.088232e-01"
"mel049","6.818284e-02","2.050149e-02","2.832705e-01","4.245842e-02","1.866222e-01","1.180049e-02","7.575628e-10","3.871640e-01"
"mel220","6.695913e-02","2.041186e-02","2.369581e-01","1.118079e-01","1.048578e-01","1.083554e-02","5.622329e-09","4.481696e-01"
"mel415","5.106459e-02","1.984484e-02","2.576814e-01","1.070949e-01","1.163646e-01","1.047682e-02","1.618042e-09","4.374728e-01"
"mel185","2.612039e-07","1.985630e-02","2.103690e-01","2.230319e-06","1.217356e-01","1.064602e-02","1.081697e-05","6.373798e-01"
"mel261","1.042443e-05","2.192676e-02","1.285374e-01","6.302571e-09","1.248228e-01","1.257008e-02","4.903355e-09","7.121325e-01"
"mel021","1.330143e-01","1.919516e-02","4.655365e-01","1.767416e-01","1.904325e-01","1.507972e-02","1.931280e-10","7.650338e-08"
"mel028","1.054356e-01","2.173092e-02","3.558746e-01","1.267838e-01","2.246856e-01","1.371870e-02","1.377839e-10","1.517708e-01"
"mel130","6.356267e-09","2.116280e-02","1.951133e-01","1.660669e-07","1.121144e-01","7.276135e-03","2.770048e-07","6.643329e-01"
"mel235","9.825673e-08","2.239895e-02","9.853430e-02","1.707080e-06","1.340061e-01","9.767751e-03","1.712954e-06","7.352894e-01"
"mel082","4.198902e-07","1.743073e-02","2.076029e-01","1.404838e-01","9.937940e-02","1.193917e-02","7.393769e-08","5.231636e-01"
"mel091","5.033158e-02","2.421883e-02","2.352981e-01","8.701689e-02","1.369223e-01","1.643610e-02","1.006450e-10","4.497762e-01"
"mel329","1.695399e-08","2.570951e-02","1.440523e-01","2.158876e-07","1.229574e-01","9.608419e-03","4.428549e-11","6.976721e-01"
"mel410","1.005259e-07","2.348487e-02","1.837115e-01","1.389252e-01","1.532402e-01","1.284908e-02","1.699114e-09","4.877890e-01"
"mel250","5.471853e-02","1.605490e-02","2.596867e-01","1.467722e-01","1.162213e-01","1.546875e-02","3.027711e-10","3.910776e-01"
"mel351","1.753449e-05","2.491394e-02","2.101327e-01","5.503455e-02","1.172201e-01","1.501325e-02","6.790333e-09","5.776679e-01"
"mel416","3.510127e-07","1.977075e-02","1.947031e-01","6.439828e-08","1.366937e-01","1.244249e-02","2.459989e-07","6.363893e-01"
"mel014","2.584986e-05","2.697125e-02","1.290185e-01","8.424045e-09","1.431905e-01","9.739012e-03","1.162199e-08","6.910549e-01"
"mel247","2.261361e-07","1.914630e-02","2.108872e-01","2.438609e-06","1.281071e-01","8.288440e-03","2.075824e-06","6.335663e-01"
"mel011","2.641049e-08","2.839202e-02","1.862076e-01","1.371855e-07","1.616695e-01","1.239927e-02","4.272783e-10","6.113314e-01"
"mel314","6.861883e-02","1.446674e-02","2.679149e-01","1.411843e-01","1.099537e-01","1.536663e-02","6.047605e-11","3.824950e-01"
"mel440","1.363573e-07","3.008276e-02","2.122233e-01","5.538635e-02","2.069515e-01","1.567422e-02","6.842660e-09","4.796817e-01"
"mel359","9.148387e-02","2.475720e-02","3.028875e-01","8.832912e-02","2.130444e-01","1.337962e-02","6.546349e-11","2.661183e-01"
"mel068","3.195982e-02","2.055561e-02","2.180467e-01","9.153085e-02","1.339046e-01","1.217900e-02","2.557674e-10","4.918233e-01"
"mel126","1.494810e-10","1.844658e-02","1.580489e-02","1.920451e-08","1.271632e-01","5.613219e-03","4.019075e-06","8.329681e-01"
"mel221","3.492212e-02","2.592664e-02","2.017862e-01","9.269960e-02","1.612038e-01","1.343243e-02","8.336529e-10","4.700292e-01"
"mel459","8.618921e-11","1.017556e-02","5.971700e-02","5.588961e-08","8.486503e-02","1.019421e-02","5.119519e-05","8.349970e-01"
"mel439","4.061377e-02","2.014074e-02","1.990530e-01","9.745982e-02","1.500727e-01","1.460333e-02","5.298953e-10","4.780566e-01"
"mel084","4.720541e-09","2.241382e-02","1.472263e-01","3.800272e-09","1.356281e-01","7.345234e-03","1.515065e-07","6.873864e-01"
"mel026","1.810436e-02","2.832050e-02","1.892917e-01","6.248104e-02","1.601645e-01","1.217891e-02","2.425893e-09","5.294590e-01"
"mel353","1.022528e-05","3.015621e-02","8.460712e-02","3.109904e-07","1.565662e-01","9.945944e-03","2.042796e-08","7.187140e-01"
"mel159","1.367735e-10","1.900873e-02","1.376737e-01","2.086966e-07","1.292422e-01","1.423446e-02","3.382384e-06","6.998374e-01"
"mel199","2.613470e-02","3.053488e-02","2.074286e-01","5.982070e-07","2.040516e-01","1.258215e-02","7.805750e-10","5.192675e-01"
"mel253","5.581910e-06","2.245592e-02","1.541385e-01","4.248834e-09","1.258460e-01","1.024820e-02","1.706976e-10","6.873058e-01"
"mel123","1.911904e-09","1.455318e-02","5.394819e-02","2.754659e-06","1.274204e-01","9.856914e-03","2.233635e-06","7.942163e-01"
"mel168","1.584342e-02","2.040413e-02","2.425300e-01","5.370703e-02","1.401216e-01","1.027596e-02","1.606767e-09","5.171179e-01"
"mel108","6.999799e-02","2.271291e-02","2.359468e-01","4.706552e-02","1.439816e-01","1.113366e-02","8.095435e-10","4.691615e-01"
"mel110","9.680164e-03","1.738544e-02","2.078879e-02","3.217917e-08","8.309311e-02","1.138552e-03","2.293327e-10","8.679139e-01"
"mel078","6.639202e-02","1.603533e-02","2.760248e-01","1.160020e-01","1.241876e-01","1.119474e-02","2.598972e-09","3.901635e-01"
"mel200","2.753557e-02","2.409143e-02","2.671138e-01","1.838461e-01","1.619633e-01","1.759782e-02","8.352963e-10","3.178520e-01"
"mel079","4.247271e-03","2.203383e-02","1.721100e-01","3.226562e-07","1.380799e-01","9.510702e-03","2.690136e-09","6.540179e-01"
"mel203","4.933212e-03","2.476590e-02","2.003391e-01","2.074271e-07","1.610109e-01","1.012864e-02","3.959085e-10","5.988221e-01"
"mel360","8.120373e-03","3.236903e-02","2.513813e-01","7.885656e-02","1.704884e-01","1.336760e-02","1.709357e-09","4.454167e-01"
"mel333","3.844978e-03","2.905637e-02","7.954401e-02","3.894977e-09","1.658872e-01","1.096546e-02","1.658628e-07","7.107018e-01"
"mel115","3.697263e-05","3.136782e-02","1.838559e-01","1.528671e-07","1.885163e-01","9.065376e-03","9.336302e-10","5.871575e-01"
"mel303","4.259148e-02","2.347187e-02","2.616406e-01","7.830143e-02","1.591580e-01","1.654677e-02","4.073568e-10","4.182898e-01"
"mel371","6.499489e-02","3.613537e-02","3.256161e-01","1.108951e-01","2.332996e-01","1.490206e-02","1.062719e-10","2.141568e-01"
"mel255","8.427658e-02","2.749998e-02","2.795083e-01","1.190204e-01","2.058568e-01","1.525931e-02","6.268409e-10","2.685786e-01"
"mel392","7.487990e-02","1.770009e-02","2.837011e-01","6.542781e-02","1.248416e-01","1.270358e-02","6.156543e-10","4.207460e-01"
"mel135","1.328315e-02","2.625299e-02","2.183139e-01","4.954929e-07","1.652265e-01","1.230260e-02","6.606360e-10","5.646203e-01"
"mel282","7.268448e-02","1.659776e-02","2.563760e-01","1.428380e-01","1.055808e-01","1.382192e-02","2.490211e-09","3.921010e-01"
"mel249","8.388234e-03","2.376528e-02","1.949840e-01","2.518135e-02","1.344646e-01","1.078917e-02","1.331092e-10","6.024274e-01"
"mel318","4.220889e-02","2.335144e-02","2.513329e-01","1.374489e-01","9.244481e-02","1.520597e-02","1.426762e-09","4.380070e-01"
"mel435","1.830086e-02","3.220068e-02","3.336910e-01","1.939289e-08","2.122872e-01","1.654589e-02","5.090438e-07","3.869738e-01"
"mel405","5.880325e-02","3.135286e-02","2.522632e-01","1.598801e-01","1.997713e-01","1.651478e-02","3.352294e-10","2.814145e-01"
"mel127","5.468374e-02","2.790170e-02","2.705048e-01","1.743862e-01","1.280938e-01","1.649878e-02","7.433749e-10","3.279310e-01"
"mel101","6.394795e-02","2.047232e-02","2.244032e-01","1.378705e-01","1.331460e-01","1.353942e-02","1.883531e-11","4.066206e-01"
"mel137","8.107948e-03","1.972899e-02","2.142157e-01","1.264483e-01","1.582124e-01","1.854343e-02","3.181586e-09","4.547433e-01"
"mel085","1.343087e-01","2.119258e-02","4.280549e-01","1.566187e-01","2.051268e-01","1.391660e-02","1.766466e-11","4.078180e-02"
"mel129","9.892288e-02","2.070166e-02","3.225943e-01","1.287118e-01","1.596732e-01","1.075799e-02","9.514814e-10","2.586381e-01"
"mel379","4.952027e-09","2.369768e-02","1.625876e-01","6.589663e-02","1.625826e-01","1.383336e-02","4.555786e-07","5.714016e-01"
"mel073","1.989643e-02","2.629356e-02","2.145651e-01","7.092127e-03","1.631285e-01","1.187076e-02","2.103670e-08","5.571535e-01"
"mel452","4.430370e-07","2.082344e-02","1.647768e-01","1.581429e-06","1.509769e-01","1.118998e-02","2.007300e-04","6.520302e-01"
"mel317","2.817023e-03","2.807947e-02","2.379358e-01","1.914694e-02","1.707610e-01","1.361793e-02","5.117662e-10","5.276419e-01"
"mel099","1.812039e-06","2.583888e-02","3.139101e-02","2.981185e-10","1.211070e-01","4.577548e-03","3.935268e-09","8.170837e-01"
"mel119","4.726693e-03","2.339035e-02","2.382277e-01","5.068653e-02","1.634926e-01","1.103645e-02","2.004368e-09","5.084398e-01"
"mel156","1.003283e-01","2.031480e-02","3.575918e-01","9.617649e-02","1.858395e-01","1.310491e-02","1.134165e-10","2.266442e-01"
"mel274","2.917593e-02","9.789498e-03","2.308579e-01","1.651049e-01","8.946513e-02","1.395731e-02","1.635491e-09","4.616493e-01"
"mel113","3.190468e-06","2.174104e-02","2.581347e-01","1.118431e-01","1.508936e-01","1.592112e-02","5.224347e-11","4.414633e-01"
"mel372","1.070110e-03","1.368802e-02","2.715777e-01","9.395723e-03","1.248764e-01","1.793393e-02","1.426251e-09","5.614581e-01"
"mel431","7.977953e-02","1.742166e-02","3.176159e-01","7.236323e-02","1.543392e-01","1.002531e-02","3.612553e-09","3.484552e-01"
"mel361","6.612199e-02","2.701453e-02","2.961717e-01","2.342263e-01","1.491202e-01","1.842009e-02","1.785352e-09","2.089252e-01"
"mel322","3.573610e-02","2.504505e-02","3.126627e-01","1.471036e-01","1.430438e-01","1.654768e-02","5.688101e-10","3.198610e-01"
"mel263","6.211775e-02","2.448297e-02","2.622108e-01","5.905937e-02","1.338554e-01","1.336439e-02","7.911911e-10","4.449094e-01"
"mel003","8.955805e-02","2.656061e-02","3.889769e-01","1.956444e-01","1.987777e-01","1.536371e-02","1.378513e-10","8.511870e-02"
"mel337","2.739025e-02","1.744185e-02","2.409160e-01","5.531439e-02","1.174820e-01","1.755254e-02","2.288193e-09","5.239030e-01"
"mel006","9.747411e-02","2.602567e-02","3.463199e-01","1.368728e-01","1.972655e-01","1.376999e-02","9.353833e-10","1.822720e-01"
"mel258","8.296031e-02","1.634749e-02","2.718536e-01","1.081753e-01","1.458338e-01","1.366507e-02","1.559528e-08","3.611644e-01"
"mel109","2.853908e-08","2.389942e-02","2.432764e-01","9.804549e-02","1.406436e-01","1.802315e-02","7.456452e-05","4.760373e-01"
"mel236","8.752149e-02","2.242737e-02","2.909963e-01","1.707261e-01","1.700151e-01","1.481547e-02","3.154754e-10","2.434982e-01"
"mel404","2.625560e-02","2.205493e-02","2.384109e-01","1.444445e-01","1.229037e-01","1.779854e-02","3.797799e-10","4.281317e-01"
"mel276","4.397972e-02","1.425559e-02","2.674140e-01","1.183734e-01","1.148393e-01","1.584762e-02","1.913882e-10","4.252903e-01"
"mel045","2.582006e-02","1.513250e-02","2.316846e-01","1.683246e-06","1.502834e-01","1.296696e-02","1.046793e-10","5.641109e-01"
"mel050","5.043129e-02","1.897417e-02","2.402227e-01","1.344353e-01","1.103831e-01","1.608499e-02","1.712935e-08","4.294684e-01"
"mel394","5.836071e-09","1.726646e-02","1.785106e-01","9.913802e-02","1.429048e-01","1.533863e-02","2.025278e-09","5.468415e-01"
"mel244","7.010966e-03","2.767500e-02","2.208543e-01","3.068445e-02","1.859508e-01","1.124009e-02","6.740601e-11","5.165844e-01"
"mel007","9.005288e-02","2.621004e-02","3.593041e-01","1.504243e-01","1.507726e-01","1.622692e-02","2.621643e-07","2.070089e-01"
"mel385","2.735972e-02","1.161240e-02","1.470763e-01","7.072398e-02","1.042302e-01","1.400036e-02","4.891405e-10","6.249971e-01"
"mel437","1.106006e-02","1.488511e-02","1.721730e-01","2.807220e-02","9.842105e-02","8.356877e-03","9.674815e-10","6.670317e-01"
"mel335","3.128649e-02","3.065818e-02","2.526703e-01","1.375842e-01","1.439283e-01","1.767698e-02","6.003319e-10","3.861955e-01"
"mel128","8.307685e-02","2.072077e-02","2.966017e-01","9.417440e-02","1.431945e-01","1.234514e-02","1.126869e-08","3.498866e-01"
"mel340","1.855427e-02","2.168272e-02","2.659529e-01","1.097810e-02","1.813720e-01","1.984200e-02","5.792167e-10","4.816180e-01"
"mel170","4.221806e-02","1.360802e-02","2.243082e-01","1.016561e-01","9.933110e-02","1.519238e-02","1.477640e-09","5.036862e-01"
"mel023","4.239971e-09","1.362837e-02","1.246121e-02","8.944940e-10","1.106252e-01","7.910058e-03","3.329558e-06","8.553718e-01"
"mel178","4.338374e-02","1.536159e-02","2.250892e-01","1.209676e-01","1.061848e-01","1.585737e-02","2.903761e-10","4.731556e-01"
"mel313","1.237547e-09","2.658756e-02","2.058442e-01","8.996919e-02","1.488437e-01","1.543877e-02","1.599144e-09","5.133165e-01"
"mel207","6.753043e-06","1.931586e-02","1.006307e-01","4.818213e-02","9.429244e-02","9.901537e-03","1.208256e-09","7.276706e-01"
"mel138","1.791292e-02","1.826065e-02","1.801340e-01","2.519654e-05","1.412249e-01","1.143691e-02","4.887881e-10","6.310055e-01"
"mel100","3.166164e-02","3.081815e-02","2.154930e-01","4.090412e-02","1.683082e-01","1.212160e-02","8.881338e-10","5.006933e-01"
"mel352","1.097287e-06","2.755620e-02","2.312656e-01","2.587451e-02","1.235126e-01","1.338019e-02","5.758009e-08","5.784098e-01"
"mel002","4.633967e-02","2.636422e-02","2.230593e-01","1.212179e-01","1.561337e-01","1.454023e-02","2.535559e-10","4.123450e-01"
"mel386","7.868993e-09","2.048520e-02","1.359397e-01","5.910326e-02","1.076337e-01","9.333005e-03","1.351897e-09","6.675051e-01"
"mel331","1.341421e-09","1.123405e-02","6.527710e-02","6.959184e-09","7.876418e-02","7.002532e-03","1.018314e-06","8.377211e-01"
"mel406","3.989491e-02","2.524812e-02","2.442618e-01","1.217071e-01","7.233729e-02","1.376885e-02","1.308513e-10","4.827819e-01"
"mel030","3.232003e-09","2.714680e-02","2.740104e-01","3.213661e-06","1.556405e-01","1.703132e-02","9.589985e-10","5.261678e-01"
"mel179","1.047825e-01","1.751853e-02","3.681566e-01","1.477270e-01","1.527424e-01","1.600207e-02","1.001221e-10","1.930708e-01"
"mel139","7.103409e-02","3.074592e-02","2.619823e-01","1.885699e-01","1.889128e-01","1.592546e-02","3.785722e-10","2.428295e-01"
"mel272","8.922405e-02","2.674718e-02","3.217298e-01","1.782646e-01","1.927432e-01","1.777001e-02","7.838377e-10","1.735212e-01"
"mel311","1.610376e-08","1.960259e-02","2.837236e-01","8.664213e-03","1.172963e-01","1.592367e-02","1.429390e-07","5.547895e-01"
"mel070","2.230829e-02","2.797793e-02","2.513919e-01","1.393307e-01","1.715392e-01","1.375123e-02","6.340148e-10","3.737008e-01"
"mel173","1.139132e-02","2.387481e-02","2.836141e-01","2.260642e-09","1.402033e-01","9.467020e-03","1.657414e-09","5.314495e-01"
"mel387","2.889786e-08","2.456172e-02","2.487901e-01","1.239318e-01","1.322167e-01","1.897024e-02","1.307018e-10","4.515294e-01"
"mel001","1.006166e-01","2.228200e-02","3.184658e-01","1.486521e-01","1.658658e-01","1.601649e-02","1.873212e-09","2.281012e-01"
"mel390","3.015347e-02","2.948146e-02","3.310456e-01","1.554467e-01","2.158266e-01","1.748792e-02","1.712082e-09","2.205581e-01"
"mel033","3.970826e-06","2.776805e-02","1.772121e-01","1.337625e-05","1.469297e-01","1.102541e-02","1.307838e-09","6.370473e-01"
"mel323","3.532120e-02","2.994854e-02","2.355633e-01","7.341369e-02","1.755321e-01","1.431985e-02","3.968694e-10","4.359013e-01"
"mel290","1.555657e-02","2.421475e-02","2.271174e-01","6.292385e-04","1.283718e-01","1.221934e-02","5.120965e-08","5.918909e-01"
"mel151","2.601697e-07","2.971029e-02","1.926873e-01","2.294161e-02","1.759584e-01","1.411031e-02","5.738130e-11","5.645918e-01"
"mel193","2.145779e-07","2.456523e-02","2.210020e-01","4.403012e-02","1.346312e-01","1.120412e-02","7.160773e-10","5.645671e-01"
"mel430","2.505123e-08","2.939541e-02","2.466607e-01","1.502768e-01","1.451092e-01","1.559884e-02","2.070667e-09","4.129591e-01"
"mel455","6.084897e-02","3.184442e-02","2.655866e-01","1.204289e-01","2.015465e-01","2.163446e-02","1.921535e-09","2.981102e-01"
"mel449","7.116637e-09","2.825003e-02","5.468257e-02","1.978213e-09","1.073815e-01","6.348878e-03","3.470056e-05","8.033023e-01"
"mel465","1.171252e-02","2.195741e-02","2.801275e-01","2.119546e-02","1.763911e-01","1.609150e-02","1.910113e-09","4.725245e-01"
"mel345","1.279410e-01","2.205658e-02","4.362586e-01","1.143442e-01","1.899582e-01","1.403149e-02","3.652409e-10","9.540997e-02"
"mel469","3.962038e-04","2.562801e-02","2.671184e-01","1.194619e-01","1.632763e-01","1.534999e-02","1.471257e-08","4.087691e-01"
"mel467","7.292217e-07","2.798693e-02","2.259586e-01","1.543212e-02","1.847973e-01","1.742491e-02","1.209233e-09","5.283995e-01"
"mel460","6.215179e-03","2.086911e-02","1.288756e-01","6.057605e-02","9.998457e-02","1.354163e-02","1.181570e-09","6.699378e-01"
"mel042","1.336262e-08","1.165715e-02","2.610146e-02","3.325604e-05","1.592347e-01","5.426410e-03","1.574430e-03","7.959725e-01"
"mel027","6.748901e-02","2.711011e-02","2.294369e-01","1.209685e-01","1.343959e-01","1.315382e-02","6.618052e-08","4.074458e-01"
"mel456","6.569075e-02","1.367980e-02","2.141392e-01","1.264791e-01","1.530585e-01","1.229856e-02","1.280954e-10","4.146540e-01"
"mel468","4.315677e-03","2.322743e-02","2.972324e-01","1.653777e-01","1.078139e-01","1.584577e-02","3.672703e-09","3.861871e-01"
"mel462","3.185387e-02","2.535138e-02","2.776674e-01","2.048132e-01","1.724679e-01","1.621027e-02","3.486716e-09","2.716359e-01"
"mel059","5.508523e-02","2.722600e-02","2.429298e-01","4.454290e-08","1.371823e-01","1.577929e-02","5.841086e-10","5.217974e-01"
"mel087","1.222215e-02","1.851672e-02","1.553039e-01","7.521233e-02","1.460807e-01","1.128334e-02","3.553728e-10","5.813809e-01"
"mel120","6.546247e-10","2.471407e-02","1.740466e-01","2.942542e-02","1.307459e-01","1.480532e-02","1.391457e-04","6.261235e-01"
"mel019","9.399717e-03","1.898394e-02","1.861078e-01","4.165360e-08","1.415274e-01","1.125986e-02","4.286788e-10","6.327213e-01"
"mel334","4.608698e-02","2.314352e-02","2.697336e-01","1.568896e-01","1.803692e-01","1.803089e-02","2.919793e-09","3.057463e-01"
"mel190","5.225995e-09","2.474785e-02","2.020306e-01","2.101690e-07","1.650695e-01","1.289671e-02","6.254949e-04","5.946296e-01"
"mel426","5.517500e-03","2.297932e-02","2.110212e-01","9.594395e-02","1.006097e-01","1.334021e-02","1.764460e-10","5.505882e-01"
"mel196","2.528900e-02","1.785351e-02","2.004116e-01","1.183528e-01","9.659341e-02","1.280773e-02","9.286178e-10","5.286919e-01"
"mel009","9.177382e-03","2.264566e-02","3.081240e-01","1.903487e-01","1.009239e-01","1.803765e-02","1.793099e-09","3.507427e-01"
"mel174","2.098804e-09","3.181546e-02","2.420011e-01","1.969075e-02","1.766787e-01","1.204915e-02","3.644451e-09","5.177649e-01"
"mel389","1.044845e-06","2.219095e-02","1.386707e-01","7.672485e-08","1.005925e-01","1.005882e-02","1.227314e-08","7.284859e-01"
"mel246","1.244270e-08","2.484940e-02","2.408951e-01","1.070658e-01","1.378129e-01","1.587492e-02","7.437403e-10","4.735019e-01"
"mel219","6.667266e-02","1.882643e-02","2.798602e-01","1.530574e-01","1.262890e-01","1.509484e-02","2.988055e-10","3.401995e-01"
"mel309","1.809178e-08","1.954141e-02","9.409385e-02","3.836295e-09","9.948251e-02","1.241526e-02","4.799174e-06","7.744621e-01"
"mel285","3.048111e-02","3.148946e-02","3.134858e-01","7.906578e-02","1.784510e-01","1.709019e-02","3.527220e-10","3.499367e-01"
"mel292","8.043558e-02","2.332587e-02","3.143268e-01","2.505398e-01","9.879543e-02","1.963308e-02","1.824094e-11","2.129435e-01"
"mel232","2.452040e-02","1.539605e-02","1.724746e-01","7.356794e-02","1.283904e-01","1.303231e-02","5.632448e-10","5.726183e-01"
"mel307","1.438657e-02","1.810876e-02","1.436017e-01","9.750063e-07","1.766412e-01","1.038912e-02","1.818083e-10","6.368717e-01"
"mel098","8.548332e-02","2.263629e-02","4.051395e-01","1.135713e-01","1.661134e-01","1.525930e-02","5.412836e-10","1.917968e-01"
"mel067","3.729489e-02","2.141041e-02","2.283770e-01","8.676222e-03","1.533445e-01","1.043714e-02","5.350112e-10","5.404598e-01"
"mel400","3.524342e-03","2.859080e-02","1.835921e-01","5.067688e-04","1.733677e-01","1.616247e-02","2.092896e-09","5.942558e-01"
"mel187","8.095358e-10","3.433895e-02","8.183989e-02","6.074720e-08","1.941392e-01","1.013689e-02","7.975345e-07","6.795442e-01"
"mel024","2.906405e-02","1.922571e-02","2.456895e-01","1.402373e-01","1.570498e-01","1.524574e-02","3.202084e-10","3.934880e-01"
"mel083","1.184453e-05","2.675566e-02","2.072683e-01","2.932494e-06","1.402503e-01","9.196588e-03","5.138500e-09","6.165144e-01"
"mel155","9.589758e-02","2.445871e-02","3.723570e-01","1.008433e-01","1.676000e-01","1.383042e-02","5.776465e-10","2.250130e-01"
"mel286","3.569447e-03","2.992465e-02","2.146746e-01","9.114605e-03","2.048190e-01","1.418644e-02","1.380639e-09","5.237112e-01"
"mel316","3.437796e-02","2.211749e-02","1.993204e-01","5.671502e-02","1.384064e-01","1.161418e-02","7.448249e-10","5.374486e-01"
"mel423","6.428900e-03","2.825202e-02","2.715426e-01","2.870304e-02","1.929987e-01","1.455148e-02","1.016577e-09","4.575233e-01"
"mel209","5.444802e-09","2.540064e-02","2.114318e-01","3.145861e-08","1.099605e-01","1.150723e-02","4.666854e-03","6.370330e-01"
"mel446","5.098486e-10","2.753138e-02","1.226879e-01","4.771761e-09","1.371035e-01","8.672391e-03","3.089745e-06","7.040017e-01"
"mel086","2.166751e-09","3.190050e-02","1.313594e-01","1.843706e-02","1.890798e-01","1.051353e-02","2.118837e-06","6.187076e-01"
"mel195","3.177047e-08","1.625136e-02","1.073505e-01","4.101850e-05","1.206071e-01","9.418027e-03","2.489246e-08","7.463319e-01"
"mel090","5.906801e-02","2.683029e-02","2.863374e-01","1.001741e-01","1.717201e-01","1.593931e-02","2.688095e-10","3.399307e-01"
"mel445","1.472211e-02","1.860468e-02","1.799956e-01","5.910923e-02","1.222136e-01","1.168970e-02","1.921961e-09","5.936651e-01"
"mel296","9.051776e-10","2.206192e-02","8.761364e-02","3.870817e-08","1.237932e-01","7.205327e-03","1.274540e-05","7.593131e-01"
"mel094","4.215863e-09","2.706097e-02","2.044240e-01","1.273744e-01","1.542065e-01","1.490447e-02","9.004173e-10","4.720297e-01"
"mel233","2.604310e-08","1.764454e-02","1.756034e-01","5.526462e-08","9.916157e-02","1.013984e-02","1.163194e-09","6.974505e-01"
"mel349","5.527947e-02","2.454226e-02","3.036044e-01","7.114301e-02","1.939364e-01","1.357281e-02","4.080649e-10","3.379216e-01"
"mel095","4.750313e-09","2.532217e-02","2.266469e-01","4.213645e-02","1.504458e-01","9.139787e-03","1.080103e-05","5.462980e-01"
"mel463","5.607649e-09","2.993671e-02","2.642877e-01","5.164559e-08","1.545148e-01","1.338771e-02","1.526122e-05","5.378578e-01"
"mel043","6.226132e-02","2.204426e-02","3.037357e-01","1.234139e-01","1.525799e-01","1.418367e-02","4.673959e-10","3.217812e-01"
"mel041","7.082228e-09","1.925049e-02","2.893116e-02","1.718810e-08","1.817633e-01","1.549854e-02","1.321796e-05","7.545433e-01"
"mel081","8.676502e-02","1.856506e-02","2.638638e-01","1.346004e-01","1.124293e-01","1.515421e-02","2.580488e-10","3.686222e-01"
"mel453","4.649532e-09","2.347950e-02","5.098220e-02","1.349724e-07","1.833886e-01","9.098995e-03","3.001278e-04","7.327505e-01"
"mel061","4.708722e-08","1.829504e-02","1.294184e-01","2.632720e-09","1.232222e-01","7.157824e-03","4.891448e-09","7.219065e-01"
"mel470","2.136478e-09","1.947233e-02","5.172282e-02","8.247745e-06","1.200809e-01","6.189400e-03","1.523733e-06","8.025248e-01"
"mel388","8.754055e-03","2.320039e-02","1.863502e-01","9.907198e-09","1.509037e-01","1.650279e-02","2.966897e-06","6.142859e-01"
"mel454","5.206418e-09","3.067865e-02","1.942798e-01","9.084258e-02","2.031078e-01","1.397023e-02","2.235703e-09","4.671209e-01"
"mel167","1.306770e-07","2.572947e-02","8.558790e-02","1.001180e-08","1.515812e-01","1.042465e-02","2.536512e-08","7.266766e-01"
"mel312","8.767694e-02","2.299881e-02","3.752690e-01","1.404223e-01","2.466694e-01","1.238536e-02","1.603982e-10","1.145781e-01"
"mel293","3.317527e-05","2.029974e-02","1.256151e-01","3.016392e-05","1.771456e-01","9.488724e-03","2.371634e-07","6.673873e-01"
"mel419","3.736017e-07","2.698286e-02","1.018298e-01","3.039617e-08","1.542777e-01","8.127710e-03","8.898850e-10","7.087816e-01"
"mel111","2.764217e-09","2.594786e-02","2.083358e-01","4.074347e-02","1.521252e-01","9.358697e-03","3.687215e-08","5.634890e-01"
"mel365","2.338501e-02","2.793831e-02","1.565765e-01","7.890399e-02","1.921424e-01","1.218604e-02","1.490631e-09","5.088678e-01"
"mel391","1.353760e-02","1.453377e-02","1.620817e-01","2.967924e-02","1.063258e-01","8.891974e-03","4.236572e-09","6.649499e-01"
"mel088","5.552932e-02","2.839918e-02","2.689981e-01","1.859612e-02","1.623039e-01","1.042049e-02","6.853401e-10","4.557529e-01"
"mel295","6.200797e-02","2.287437e-02","2.335434e-01","7.422094e-02","1.375460e-01","1.243695e-02","1.478763e-10","4.573703e-01"
"mel234","3.279543e-03","1.801319e-02","1.798495e-01","3.977380e-07","1.138399e-01","9.774769e-03","1.286978e-09","6.752427e-01"
"mel241","1.071433e-01","1.991314e-02","3.756156e-01","1.106835e-01","1.463661e-01","1.222637e-02","2.143462e-09","2.280520e-01"
"mel269","2.531349e-10","2.443336e-02","1.510974e-01","3.614047e-06","1.621120e-01","9.692993e-03","4.412169e-09","6.526607e-01"
"mel231","2.683121e-12","3.122536e-02","2.982615e-01","6.756865e-02","1.790417e-01","1.724969e-02","3.621336e-09","4.066530e-01"
"mel211","8.057653e-02","1.755216e-02","3.239361e-01","1.975205e-01","1.304837e-01","1.905369e-02","4.041585e-09","2.308773e-01"
"mel291","3.129094e-02","2.114905e-02","2.535766e-01","9.846585e-02","1.649740e-01","1.339027e-02","1.614715e-09","4.171533e-01"
"mel384","1.011923e-01","2.516734e-02","3.435493e-01","9.502404e-02","1.384384e-01","1.625090e-02","2.770155e-09","2.803776e-01"
"mel102","8.684015e-04","1.654574e-02","9.009937e-02","6.944568e-08","8.600334e-02","1.407445e-02","1.711259e-09","7.924086e-01"
"mel071","1.209905e-06","3.111767e-02","2.667819e-01","2.748286e-02","1.596639e-01","1.285632e-02","8.916919e-10","5.020961e-01"
"mel284","1.242267e-02","2.562179e-02","1.413551e-01","1.320855e-01","1.514166e-01","1.361034e-02","4.303752e-10","5.234880e-01"
"mel051","8.223494e-06","2.023294e-02","6.406355e-02","2.682043e-06","1.047582e-01","1.070022e-02","2.916670e-07","8.002339e-01"
"mel358","2.348339e-06","2.595589e-02","3.102623e-01","1.849972e-02","1.548980e-01","1.816198e-02","6.043915e-10","4.722197e-01"
"mel205","5.764489e-02","2.637848e-02","2.921846e-01","1.446298e-01","1.276719e-01","1.986253e-02","6.545974e-11","3.316277e-01"
"mel176","5.107714e-02","1.875946e-02","2.468958e-01","5.902301e-03","1.150964e-01","1.082996e-02","4.474375e-08","5.514389e-01"
"mel161","3.361412e-06","1.483603e-02","1.644051e-01","3.014579e-05","1.193108e-01","1.295165e-02","3.146307e-09","6.884629e-01"
"mel022","4.083103e-02","1.785600e-02","2.556482e-01","6.671400e-03","1.312210e-01","8.122927e-03","4.289911e-10","5.396494e-01"
"mel278","4.765976e-07","1.980324e-02","2.524445e-01","1.324366e-01","1.144564e-01","1.157183e-02","1.141936e-09","4.692870e-01"
"mel299","1.112775e-03","1.807679e-02","5.074150e-02","5.041447e-09","9.996646e-02","7.368163e-03","4.034808e-06","8.227303e-01"
"mel169","2.732706e-07","2.199391e-02","2.031958e-01","1.417756e-07","1.367107e-01","1.031885e-02","1.617878e-07","6.277802e-01"
"mel053","6.094248e-08","1.578208e-02","1.735673e-08","5.865056e-08","1.514725e-01","3.913181e-03","1.497596e-06","8.288306e-01"
"mel366","1.713663e-02","1.634468e-02","9.344283e-02","3.614984e-02","1.586725e-01","7.694387e-03","1.380644e-09","6.705591e-01"
"mel153","1.225753e-02","1.847733e-02","1.898261e-01","4.051168e-06","1.094387e-01","1.534911e-02","3.037358e-10","6.546471e-01"
"mel031","8.530786e-02","2.368857e-02","3.405565e-01","1.335493e-01","1.834171e-01","1.413221e-02","1.735354e-09","2.193485e-01"
"mel464","3.805107e-02","1.938426e-02","3.207690e-01","2.320732e-01","1.136024e-01","1.969617e-02","2.737309e-09","2.564239e-01"
"mel141","2.584421e-06","1.948842e-02","1.394852e-01","1.024748e-08","1.025470e-01","1.666206e-02","4.794325e-11","7.218148e-01"
"mel202","7.602872e-02","2.672803e-02","2.326318e-01","1.356978e-01","1.689613e-01","1.646340e-02","8.942056e-10","3.434890e-01"
"mel064","4.521978e-02","1.997575e-02","1.997202e-01","1.236359e-01","9.193607e-02","1.447562e-02","7.479053e-10","5.050367e-01"
"mel350","5.864033e-02","2.151065e-02","2.243040e-01","9.666216e-02","1.743120e-01","1.686403e-02","1.766889e-10","4.077069e-01"
"mel044","2.263010e-02","1.998556e-02","2.103957e-01","8.204264e-02","1.697599e-01","1.403169e-02","1.695064e-10","4.811545e-01"
"mel401","6.124629e-03","1.758926e-02","1.330209e-01","6.740834e-02","1.665989e-01","1.169319e-02","2.578783e-10","5.975648e-01"
"mel230","1.075129e-02","1.982180e-02","2.308539e-01","1.536531e-01","7.983195e-02","1.427328e-02","1.852670e-09","4.908147e-01"
"mel377","4.426670e-03","2.356235e-02","2.597763e-01","9.772751e-02","1.559407e-01","1.309618e-02","6.280022e-10","4.454703e-01"
"mel150","1.571273e-08","3.300006e-02","2.366997e-01","1.424221e-02","1.771706e-01","1.196407e-02","2.857990e-10","5.269233e-01"
"mel037","8.439298e-07","2.838519e-02","1.181600e-01","5.845367e-08","1.648062e-01","1.156860e-02","3.566831e-11","6.770791e-01"
"mel124","3.291074e-02","2.454318e-02","3.071827e-01","8.868957e-02","1.174245e-01","1.102835e-02","6.943938e-10","4.182210e-01"
"mel393","1.454264e-02","1.544478e-02","1.640492e-01","7.007827e-02","9.213343e-02","1.141167e-02","9.843002e-08","6.323399e-01"
"mel158","1.692393e-09","2.608405e-02","3.151952e-01","3.577081e-02","1.641303e-01","1.553090e-02","1.555791e-08","4.432887e-01"
"mel381","6.026188e-02","1.752100e-02","3.464109e-01","2.423634e-01","1.149350e-01","1.988982e-02","2.754356e-10","1.986180e-01"
"mel327","3.835129e-02","1.611680e-02","1.932974e-01","4.683731e-02","9.275308e-02","7.471776e-03","1.117395e-09","6.051724e-01"
"mel077","1.382676e-02","2.554832e-02","1.952637e-01","2.627318e-02","1.165128e-01","8.802496e-03","1.365727e-09","6.137727e-01"
"mel162","4.465110e-02","2.542168e-02","2.457692e-01","1.380006e-01","1.379040e-01","1.244417e-02","2.010368e-10","3.958093e-01"
"mel224","2.741192e-03","1.698339e-02","1.976947e-01","1.814528e-01","7.737636e-02","1.260749e-02","7.801567e-09","5.111441e-01"
"mel266","1.119288e-08","3.200545e-02","2.089829e-01","7.927714e-02","1.466283e-01","1.194937e-02","1.018338e-09","5.211569e-01"
"mel063","1.102453e-04","1.820829e-02","1.769137e-01","1.234803e-07","1.366368e-01","1.631719e-02","7.182183e-10","6.518136e-01"
"mel201","1.919953e-06","2.317899e-02","7.506406e-02","9.798604e-03","1.659316e-01","5.320532e-03","2.886642e-11","7.207043e-01"
"mel215","2.881647e-02","3.185374e-02","2.153501e-01","1.458797e-01","2.002778e-01","1.507279e-02","5.209708e-09","3.627493e-01"
"mel104","1.948183e-02","1.857636e-02","2.114564e-01","9.951931e-02","1.151394e-01","1.679680e-02","5.337911e-10","5.190299e-01"
"mel369","2.823166e-06","2.273180e-02","1.824259e-02","1.654713e-08","1.450193e-01","8.335097e-03","1.976323e-10","8.056684e-01"
"mel356","6.629265e-02","1.970681e-02","1.762112e-01","1.456986e-02","1.034557e-01","1.127550e-02","1.190199e-09","6.084882e-01"
"mel373","4.798221e-02","1.612450e-02","2.798830e-01","1.150821e-02","1.237339e-01","8.628817e-03","1.011966e-09","5.121394e-01"
"mel332","3.695540e-02","2.166891e-02","2.344170e-01","1.277164e-01","1.250758e-01","1.364043e-02","3.442959e-09","4.405259e-01"
"mel362","1.581195e-02","2.614286e-02","1.850759e-01","5.557008e-08","1.301266e-01","1.265172e-02","9.078257e-10","6.301909e-01"
"mel267","5.842123e-02","3.171756e-02","2.514045e-01","5.109298e-02","1.873179e-01","1.183420e-02","6.598630e-10","4.082116e-01"
"mel177","7.804331e-02","1.801701e-02","3.142390e-01","2.947034e-02","1.322674e-01","1.007918e-02","7.044698e-10","4.178838e-01"
"mel105","1.175220e-02","2.886465e-02","1.922902e-01","1.161373e-01","1.929617e-01","1.528451e-02","2.725598e-09","4.427094e-01"
"mel240","0.035850939","0.029734628","0.268289353","0.198788987","0.194506378","0.022614293","0.001373852","0.248841570"
"mel402","4.549927e-05","2.347255e-02","1.362513e-01","9.707518e-08","1.486198e-01","4.062890e-03","1.158979e-10","6.875479e-01"
"mel237","8.756937e-03","2.105206e-02","2.171425e-01","4.998795e-07","1.127632e-01","9.741442e-03","1.392662e-09","6.305433e-01"
"mel055","2.075197e-08","1.783210e-02","2.640535e-01","1.001957e-01","1.468707e-01","1.636583e-02","2.642759e-09","4.546821e-01"
"mel424","3.731984e-09","2.380755e-02","1.280239e-01","7.936323e-08","1.378031e-01","9.187857e-03","6.044388e-09","7.011775e-01"
"mel257","3.581507e-02","2.715769e-02","2.705982e-01","8.322551e-02","1.905981e-01","1.390818e-02","9.114182e-09","3.786973e-01"
"mel089","6.029284e-02","2.833700e-02","2.137810e-01","5.751890e-02","1.874080e-01","1.554183e-02","6.863378e-09","4.371204e-01"
"mel418","1.222803e-06","1.956868e-02","1.642474e-01","8.790234e-08","7.750141e-02","1.170292e-02","3.289535e-06","7.269750e-01"
"mel441","1.721460e-02","1.916136e-02","1.736887e-01","1.759275e-01","1.057744e-01","1.517153e-02","6.793008e-10","4.930619e-01"
"mel223","2.735807e-06","1.570127e-02","1.252465e-01","7.710648e-08","9.548980e-02","1.119746e-02","5.594318e-10","7.523622e-01"
"mel433","5.468625e-02","2.207286e-02","2.870451e-01","8.130483e-02","1.202088e-01","1.347250e-02","2.561513e-10","4.212096e-01"
"mel057","3.637990e-02","1.464788e-02","2.351547e-01","8.747038e-02","1.419686e-01","1.248560e-02","4.993057e-10","4.718930e-01"
"mel436","0.065818547","0.022382871","0.271565635","0.132593102","0.200831472","0.020138077","0.002522084","0.284148212"
